オンゲキ,YURUSHITE,MASTER,14.7
オンゲキ,Opfer,MASTER,14.9
オンゲキ,Titania,MASTER,14.9
オンゲキ,Viyella’s Tears,MASTER,14.8
オンゲキ,ω4,MASTER,14.9
LUNATIC,緋蜂,LUNATIC,14.7
オンゲキ,A Man In The Mirror,MASTER,14.8
オンゲキ,Good bye，Merry-Go-Round.,MASTER,14.9
チュウマイ,otorii INNOVATED -［i］3-,MASTER,14.7
オンゲキ,AstrøNotes.,MASTER,14.7
オンゲキ,Singularity - technoplanet,MASTER,14.8
オンゲキ,脳天直撃,MASTER,14.9
オンゲキ,FLUFFY FLASH,MASTER,14.7
オンゲキ,Falsum Atlantis.,MASTER,14.9
オンゲキ,Don’t Fight The Music,MASTER,14.9
オンゲキ,Viyella’s Scream,MASTER,14.8
チュウマイ,QZKago Requiem,MASTER,14.7
VARIETY,神威,MASTER,14.3
オンゲキ,Everlasting Today,MASTER,14.1
niconico,初音ミクの激唱,MASTER,14.2
LUNATIC,No Remorse,LUNATIC,14.0
LUNATIC,初音ミクの激唱,LUNATIC,14.2
チュウマイ,7thSense,MASTER,14.0
チュウマイ,エンドマークに希望と涙を添えて,MASTER,14.2
オンゲキ,Dazzle hop,MASTER,14.1
VARIETY,GOODRAGE,MASTER,14.0
チュウマイ,怒槌,MASTER,14.5
チュウマイ,混沌を越えし我らが神聖なる調律主を讃えよ,MASTER,14.3
オンゲキ,MEGATON BLAST,MASTER,14.6
オンゲキ,心　,MASTER,14.5
LUNATIC,Calamity Fortune,LUNATIC,14.1
チュウマイ,Garakuta Doll Play,MASTER,14.2
オンゲキ,Aenbharr,MASTER,14.5
VARIETY,FREEDOM DiVE （tpz Overcute Remix）,MASTER,14.2
オンゲキ,Desperado Waltz,MASTER,14.4
オンゲキ,GEOMETRIC DANCE,MASTER,14.6
東方Project,Imperishable Night 2006（2016 Refine）,MASTER,14.2
チュウマイ,SILENT BLUE,MASTER,14.1
チュウマイ,World Vanquisher,MASTER,14.6
POPS＆ANIME,ジングルベル,MASTER,14.0
LUNATIC,ジングルベル,LUNATIC,14.0
オンゲキ,ヒトリボッチサテライト,MASTER,14.4
チュウマイ,folern,MASTER,14.3
オンゲキ,Last Kingdom,MASTER,14.0
オンゲキ,R’N’R Monsta,MASTER,14.1
オンゲキ,Galaxy Blaster,MASTER,14.3
VARIETY,Air,MASTER,14.3
VARIETY,End Time,MASTER,14.5
チュウマイ,Genesis,MASTER,14.3
チュウマイ,Glorious Crown （tpz over-Over-OVERCUTE REMIX）,MASTER,14.5
LUNATIC,luna blu,LUNATIC,14.6
VARIETY,felys -final remix-,MASTER,14.2
オンゲキ,PinqPiq（xovevox Remix）,MASTER,14.0
オンゲキ,Stargazing Dreamer,MASTER,14.4
東方Project,ナイト・オブ・ナイツ（xi Remix）,MASTER,14.0
チュウマイ,雷切-RAIKIRI-,MASTER,14.4
VARIETY,Sound Chimera,MASTER,14.4
チュウマイ,Oshama Scramble！（Cranky Remix）,MASTER,14.1
VARIETY,Jack-the-Ripper◆,MASTER,14.3
チュウマイ,宛城、炎上！！,MASTER,14.4
オンゲキ,LiftOff,MASTER,14.1
東方Project,Satori ～3rd EyEs （2020 Recall）,MASTER,14.3
VARIETY,Grievous Lady,MASTER,14.5
チュウマイ,Climax,MASTER,14.6
POPS＆ANIME,カナリア,MASTER,14.0
オンゲキ,美夜月鏡,MASTER,14.3
チュウマイ,larva,MASTER,14.6
VARIETY,Altale,MASTER,14.1
オンゲキ,Daredevil Glaive,MASTER,14.3
オンゲキ,Adverse Gaff,MASTER,14.4
LUNATIC,Fly to the Leaden Sky -O.N.G.E.K.I. MIX-,LUNATIC,14.2
VARIETY,BATTLE NO.1,MASTER,14.6
チュウマイ,Oshama Scramble！,MASTER,13.7
チュウマイ,AMAZING MIGHTYYYY！！！！,MASTER,13.7
オンゲキ,Ai Nov,MASTER,13.9
チュウマイ,閃鋼のブリューナク,MASTER,13.9
niconico,ぼくらの16bit戦争,MASTER,13.8
niconico,カミサマネジマキ,MASTER,13.8
LUNATIC,ナイト・オブ・ナイツ,LUNATIC,13.9
niconico,クイーンオブハート,MASTER,13.7
東方Project,Calamity Fortune,MASTER,13.7
niconico,初音ミクの消失,MASTER,13.7
LUNATIC,Sakura Fubuki,LUNATIC,13.7
VARIETY,conflict,MASTER,13.8
チュウマイ,The wheel to the right,MASTER,13.8
POPS＆ANIME,GO！ GO！ MANIAC,MASTER,13.7
オンゲキ,Touch and Go,MASTER,13.7
オンゲキ,Baqeela,MASTER,13.9
niconico,ギガンティックO.T.N,MASTER,13.8
オンゲキ,Lazy Addiction,MASTER,13.8
オンゲキ,Mini skirt,MASTER,13.9
オンゲキ,HONEY-Q,MASTER,13.8
niconico,裏表ラバーズ,MASTER,13.7
VARIETY,Duello,MASTER,13.8
東方Project,Doll Judgment,MASTER,13.7
チュウマイ,BOKUTO,MASTER,13.7
オンゲキ,Sparkle,MASTER,13.8
オンゲキ,Vibes 2k20,MASTER,13.9
LUNATIC,どどんぱち大音頭,LUNATIC,13.9
東方Project,疾走あんさんぶる,MASTER,13.7
VARIETY,Dreadnought,MASTER,13.8
オンゲキ,Ai Drew,MASTER,13.9
オンゲキ,アマツカミ,MASTER,13.8
オンゲキ,Trinity Departure,MASTER,13.9
チュウマイ,Summer is over,MASTER,13.7
LUNATIC,最強 the サマータイム！！！！！,LUNATIC,13.7
VARIETY,Destr0yer,MASTER,13.8
オンゲキ,RED to RED,MASTER,13.7
オンゲキ,Daydreama,MASTER,13.9
オンゲキ,Lostwizz,MASTER,13.7
LUNATIC,東亞 -O.N.G.E.K.I. MIX-,LUNATIC,13.8
niconico,イカサマライフゲイム,MASTER,13.7
東方Project,ナイト・オブ・ナイツ （かめりあ’s“ワンス・アポン・ア・ナイト”Remix）,MASTER,13.9
VARIETY,Reach for the Stars,MASTER,13.8
VARIETY,Singularity - ETIA.,MASTER,13.9
VARIETY,Burning Steel Inferno,MASTER,13.7
LUNATIC,ハッピータイフーン,LUNATIC,13.7
オンゲキ,Ruler Count，Zero,MASTER,13.9
LUNATIC,ネ！コ！,LUNATIC,13.8
オンゲキ,See The Light,MASTER,13.8
POPS＆ANIME,藍の華,MASTER,13.7
VARIETY,BBBLOW -rebuild-,MASTER,13.8
オンゲキ,最っ高のエンタメだ！！,MASTER,13.8
オンゲキ,A Day in the Patisserie,MASTER,13.7
LUNATIC,回レ！雪月花,LUNATIC,13.8
VARIETY,Singularity - SEGA SOUND STAFF「セガNET麻雀 MJ」,MASTER,13.7
LUNATIC,セガNET麻雀MJ -O.N.G.E.K.I. MIX-,LUNATIC,13.9
チュウマイ,シャッキーーン！！,MASTER,13.7
niconico,脳漿炸裂ガール,MASTER,13.2
VARIETY,Brain Power,MASTER,13.4
VARIETY,Halcyon,MASTER,13.5
オンゲキ,Dolphika,MASTER,13.5
チュウマイ,天火明命,MASTER,13.1
チュウマイ,Cyberozar,MASTER,13.1
チュウマイ,Gate of Doom,MASTER,13.2
オンゲキ,ロッキンピンクモンスター,MASTER,13.0
オンゲキ,ブツメツビーターズ,MASTER,13.3
チュウマイ,We Gonna Journey,MASTER,13.5
チュウマイ,Paqqin,MASTER,13.1
オンゲキ,Maqrite,MASTER,13.6
オンゲキ,Sword of Secret,MASTER,13.4
東方Project,sweet little sister,MASTER,13.0
東方Project,Destiny Runner,MASTER,13.6
東方Project,最終鬼畜妹フランドール・Ｓ,MASTER,13.5
チュウマイ,今ぞ♡崇め奉れ☆オマエらよ！！～姫の秘メタル渇望～,MASTER,13.2
チュウマイ,Kattobi KEIKYU Rider,MASTER,13.3
niconico,幸せになれる隠しコマンドがあるらしい,MASTER,13.2
POPS＆ANIME,Opera of the wasteland,MASTER,13.0
POPS＆ANIME,ゴーカ！ごーかい！？ファントムシーフ！,MASTER,13.1
チュウマイ,混沌を越えし我らが神聖なる調律主を讃えよ,EXPERT,13.0
オンゲキ,Opfer,EXPERT,13.6
オンゲキ,Titania,EXPERT,13.2
POPS＆ANIME,God knows...,MASTER,13.0
チュウマイ,ロボットプラネットユートピア,MASTER,13.4
オンゲキ,TAKE ON THE WORLD,MASTER,13.3
オンゲキ,TeA,MASTER,13.0
オンゲキ,fulgente,MASTER,13.4
LUNATIC,ようこそジャパリパークへ,LUNATIC,13.2
オンゲキ,本能的 Survivor,MASTER,13.0
オンゲキ,MEGATON BLAST,EXPERT,13.0
niconico,アンハッピーリフレイン,MASTER,13.0
niconico,DAYBREAK FRONTLINE,MASTER,13.1
niconico,星屑ユートピア,MASTER,13.0
オンゲキ,Death Doll,MASTER,13.5
オンゲキ,Chelly spLash♪♪,MASTER,13.4
オンゲキ,オンゲキ全域★アカネサマ？,MASTER,13.3
VARIETY,アリサのテーマ,MASTER,13.6
POPS＆ANIME,メニメニマニマニ,MASTER,13.2
オンゲキ,BOUNCE ＆ DANCE,MASTER,13.3
POPS＆ANIME,終わりの先の音節,MASTER,13.4
東方Project,エピクロスの虹はもう見えない,MASTER,13.4
東方Project,妖狐仙楽踏,MASTER,13.5
東方Project,Scream out！ -音華鏡 Re：BREAK-,MASTER,13.4
オンゲキ,UTAKATA,MASTER,13.1
オンゲキ,Viyella’s Tears,EXPERT,13.2
チュウマイ,Garakuta Doll Play,EXPERT,13.0
オンゲキ,ω4,EXPERT,13.0
niconico,ドーナツホール,MASTER,13.2
niconico,人生リセットボタン,MASTER,13.3
オンゲキ,まっすぐ→→→ストリーム！,MASTER,13.0
東方Project,サドマミホリック,MASTER,13.5
東方Project,患部で止まってすぐ溶ける～狂気の優曇華院,MASTER,13.4
東方Project,ウサテイ,MASTER,13.6
東方Project,全力ハッピーライフ,MASTER,13.4
東方Project,銀のめぐり,MASTER,13.6
オンゲキ,MAKING！ハイタッチ！,MASTER,13.0
niconico,インビジブル,MASTER,13.6
POPS＆ANIME,青春サイダー,MASTER,13.1
POPS＆ANIME,Petit Etoile,MASTER,13.5
東方Project,ナイト・オブ・ナイツ（Cranky Remix）,MASTER,13.6
オンゲキ,A Man In The Mirror,EXPERT,13.5
niconico,デリヘル呼んだら君が来た,MASTER,13.1
niconico,フィクサー,MASTER,13.1
niconico,こどものしくみ,MASTER,13.2
niconico,トーキョーゲットー,MASTER,13.2
オンゲキ,Heart Cooking Recipe,MASTER,13.2
オンゲキ,Honey Bear,MASTER,13.6
チュウマイ,Change Our MIRAI！ （Our 7 Lights）,MASTER,13.0
チュウマイ,ライトスピード・デイズ,MASTER,13.5
niconico,セツナトリップ,MASTER,13.2
niconico,地球最後の告白を,MASTER,13.3
オンゲキ,Radiance,MASTER,13.6
東方Project,しゅわスパ大作戦☆,MASTER,13.2
POPS＆ANIME,Catch the Moment,MASTER,13.0
niconico,ドラマツルギー,MASTER,13.3
niconico,Seyana. ～何でも言うことを聞いてくれるアカネチャン～,MASTER,13.1
POPS＆ANIME,INDETERMINATE UNIVERSE,MASTER,13.0
オンゲキ,撩乱乙女†無双劇,MASTER,13.3
東方Project,物凄い狂っとるフランちゃんが物凄いうた,MASTER,13.4
オンゲキ,ぱくぱく☆がーる,MASTER,13.0
オンゲキ,DAWNBREAKER,MASTER,13.6
POPS＆ANIME,Stage of Star,MASTER,13.2
POPS＆ANIME,Nameless Story,MASTER,13.0
niconico,アンノウン・マザーグース,MASTER,13.3
チュウマイ,超常マイマイン,MASTER,13.2
niconico,深海のリトルクライ feat. 土岐麻子,MASTER,13.5
VARIETY,花たちに希望を,MASTER,13.5
VARIETY,ベースラインやってる？笑,MASTER,13.4
オンゲキ,Iudicium “Apocalypsis Mix”,MASTER,13.2
niconico,ナンセンス文学,MASTER,13.3
POPS＆ANIME,100％ちゅ～学生,MASTER,13.2
POPS＆ANIME,ヒトガタ,MASTER,13.4
オンゲキ,Singularity - technoplanet,EXPERT,13.3
オンゲキ,脳天直撃,EXPERT,13.3
POPS＆ANIME,スパッと！スパイ＆スパイス,MASTER,13.5
オンゲキ,Jörqer,MASTER,13.6
オンゲキ,Glitter-Glitter,MASTER,13.0
オンゲキ,ウキウキ☆Candy！,MASTER,13.1
オンゲキ,All Right！,MASTER,13.6
オンゲキ,Stargazing Dreamer,EXPERT,13.4
POPS＆ANIME,Phantom Joke,MASTER,13.5
niconico,テオ,MASTER,13.0
POPS＆ANIME,よいまちカンターレ,MASTER,13.3
POPS＆ANIME,ガヴリールドロップキック,MASTER,13.1
オンゲキ,反撃！ 突撃！ Back To Back！,MASTER,13.2
チュウマイ,ツクヨミステップ,MASTER,13.5
POPS＆ANIME,この番組はうら若き公務員たちの提供でお送りいたします,MASTER,13.6
チュウマイ,ヤミツキ,MASTER,13.0
オンゲキ,FLUFFY FLASH,EXPERT,13.1
東方Project,Paranoia,MASTER,13.4
VARIETY,迷える音色は恋の唄,MASTER,13.6
オンゲキ,YAMINABE☆PANIC ～ご馳走詰め込みフルコース～,MASTER,13.3
オンゲキ,Falsum Atlantis.,EXPERT,13.5
オンゲキ,Don’t Fight The Music,EXPERT,13.6
東方Project,天狗の落とし文 feat. ｙｔｒ,MASTER,13.6
オンゲキ,fulgente （flip-side color mix）,MASTER,13.5
niconico,吉原ラメント,MASTER,13.1
オンゲキ,Say Goodbye,MASTER,13.6
オンゲキ,美夜月鏡,EXPERT,13.0
東方Project,Bad Apple！！ feat.nomico （豚乙女 Ver.）,MASTER,13.4
オンゲキ,Viyella’s Scream,EXPERT,13.6
VARIETY,サクライロフワリ,MASTER,13.0
POPS＆ANIME,Realize,MASTER,13.1
niconico,ワールズエンド・ダンスホール,MASTER,13.3
東方Project,ロストワードクロニカル,MASTER,13.4
チュウマイ,QZKago Requiem,EXPERT,13.0
オンゲキ,Random Access Emotions,MASTER,13.5
VARIETY,BATTLE NO.1,EXPERT,13.3
VARIETY,The Formula,MASTER,12.7
チュウマイ,Hyper Active,MASTER,12.8
オンゲキ,P！P！P！P！がおー！！,MASTER,12.9
niconico,鬼KYOKAN,MASTER,12.9
オンゲキ,SWEET SHAKE！！,MASTER,12.8
オンゲキ,What color...,MASTER,12.9
オンゲキ,Everlasting Today,EXPERT,12.7
東方Project,Bad Apple！！ feat．nomico,MASTER,12.7
東方Project,ナイト・オブ・ナイツ,MASTER,12.8
東方Project,幻想のサテライト,MASTER,12.9
オンゲキ,GAME IS LIFE,MASTER,12.9
チュウマイ,oboro,MASTER,12.9
VARIETY,Äventyr,MASTER,12.9
東方Project,Energy Booster ～ 上海紅茶館,MASTER,12.7
東方Project,四次元跳躍機関,MASTER,12.7
東方Project,れみりあ☆デスティニー,MASTER,12.7
niconico,チュルリラ・チュルリラ・ダッダッダ！,MASTER,12.8
チュウマイ,Dragoon,MASTER,12.8
チュウマイ,怒槌,EXPERT,12.9
POPS＆ANIME,Link with U,MASTER,12.8
チュウマイ,時の冒険者,MASTER,12.9
POPS＆ANIME,ですのっ！White ＆ Black,MASTER,12.7
niconico,ヒバナ,MASTER,12.7
niconico,ロキ,MASTER,12.8
niconico,からくりピエロ,MASTER,12.8
オンゲキ,Kiss Me Kiss,MASTER,12.7
POPS＆ANIME,ネ！コ！,MASTER,12.7
オンゲキ,めんどーい！やっほーい！ともだち！,MASTER,12.7
東方Project,Necro Fantasia,MASTER,12.9
オンゲキ,Rule the World！！,MASTER,12.7
POPS＆ANIME,Rising Hope,MASTER,12.9
LUNATIC,STARTLINER,LUNATIC,12.8
東方Project,チルノのパーフェクトさんすう教室,MASTER,12.9
チュウマイ,光線チューニング,MASTER,12.8
POPS＆ANIME,ADAMAS,MASTER,12.9
niconico,ダンスロボットダンス,MASTER,12.7
POPS＆ANIME,Preserved Roses,MASTER,12.8
POPS＆ANIME,The Everlasting Guilty Crown,MASTER,12.7
オンゲキ,Desperado Waltz,EXPERT,12.7
LUNATIC,からくりピエロ,LUNATIC,12.9
POPS＆ANIME,Hello，Morning,MASTER,12.7
POPS＆ANIME,人類みなセンパイ！,MASTER,12.8
POPS＆ANIME,透明声彩,MASTER,12.7
東方Project,Help me，ERINNNNNN！！,MASTER,12.8
niconico,彗星ハネムーン,MASTER,12.7
オンゲキ,感情アクセラレイション,MASTER,12.9
POPS＆ANIME,Girls Talk！！,MASTER,12.8
オンゲキ,Let’s Starry Party！,MASTER,12.8
niconico,白い雪のプリンセスは,MASTER,12.7
チュウマイ,猫祭り,MASTER,12.8
niconico,愛言葉Ⅲ,MASTER,12.7
niconico,ECHO,MASTER,12.8
オンゲキ,Good bye，Merry-Go-Round.,EXPERT,12.8
POPS＆ANIME,INSIDE IDENTITY,MASTER,12.8
POPS＆ANIME,Crow Song,MASTER,12.7
niconico,shake it！,MASTER,12.7
niconico,おねがいダーリン,MASTER,12.8
オンゲキ,Splash Dance！！,MASTER,12.9
オンゲキ,Vibes 2k20,EXPERT,12.7
POPS＆ANIME,ピースサイン,MASTER,12.8
POPS＆ANIME,お願いマッスル,MASTER,12.9
niconico,アンドロイドガール,MASTER,12.8
niconico,チェチェ・チェック・ワンツー！,MASTER,12.7
POPS＆ANIME,Deep-Connect,MASTER,12.7
POPS＆ANIME,Purple Rays,MASTER,12.7
niconico,Catch the Wave,MASTER,None
チュウマイ,でらっくmaimai♪てんてこまい！,MASTER,12.9
オンゲキ,絆はずっとGrowing Up！！！,MASTER,12.7
オンゲキ,AstrøNotes.,EXPERT,12.8
東方Project,ルナティックレッドアイズ,MASTER,12.9
VARIETY,End Time,EXPERT,12.9
チュウマイ,Glorious Crown （tpz over-Over-OVERCUTE REMIX）,EXPERT,12.9
オンゲキ,スン（マイル）フラワー～Sun（Mile）Flower,MASTER,12.7
POPS＆ANIME,ゆるゆり、てんやわんや☆,MASTER,12.8
オンゲキ,No Limit RED Force,MASTER,12.7
POPS＆ANIME,ふわふわ時間（タイム）,MASTER,12.7
POPS＆ANIME,侵略ノススメ☆,MASTER,12.9
niconico,だれかの心臓になれたなら,MASTER,12.9
niconico,ベノム,MASTER,12.8
VARIETY,Sound Chimera,EXPERT,12.8
POPS＆ANIME,Shiny Smily Story,MASTER,12.7
niconico,絶対にチョコミントを食べるアオイチャン,MASTER,12.7
オンゲキ,Over Voltage,MASTER,12.8
POPS＆ANIME,Sign,MASTER,12.7
ボーナストラック,Let’s Starry Party！ -高瀬 梨緒ソロver.-,MASTER,None
ボーナストラック,Let’s Starry Party！ -結城 莉玖ソロver.-,MASTER,None
ボーナストラック,Let’s Starry Party！ -藍原 椿ソロver.-,MASTER,None
東方Project,聖少女サクリファイス,MASTER,12.8
POPS＆ANIME,STORIA,MASTER,12.8
ボーナストラック,Kiss Me Kiss -桜井 春菜ソロver.-,MASTER,12.7
ボーナストラック,Kiss Me Kiss -早乙女 彩華ソロver.-,MASTER,12.7
niconico,スクランブル交際,MASTER,12.8
niconico,命に嫌われている,MASTER,12.7
POPS＆ANIME,だから僕は音楽を辞めた,MASTER,12.9
POPS＆ANIME,ワタシConnect＊,MASTER,12.7
チュウマイ,larva,EXPERT,12.7
niconico,心予報,MASTER,12.7
オンゲキ,STARRED HEART,MASTER,12.8
POPS＆ANIME,Virtual to LIVE,MASTER,12.8
POPS＆ANIME,ファッとして桃源郷,MASTER,12.1
POPS＆ANIME,かくしん的☆めたまるふぉ～ぜっ！,MASTER,12.1
オンゲキ,Zest of Blue,MASTER,12.0
POPS＆ANIME,SAVIOR OF SONG,MASTER,12.2
チュウマイ,心象蜃気楼,MASTER,12.2
オンゲキ,Here We Go,MASTER,12.6
チュウマイ,Mare Maris,MASTER,12.5
niconico,六兆年と一夜物語,MASTER,12.3
VARIETY,オモイヨシノ,MASTER,12.0
niconico,キミノヨゾラ哨戒班,MASTER,12.5
niconico,木彫り鯰と右肩ゾンビ,MASTER,12.2
POPS＆ANIME,Red ”reduction division” -crossroads version-,MASTER,12.2
VARIETY,神威,EXPERT,12.4
niconico,ヒビカセ,MASTER,12.1
niconico,グリーンライツ・セレナーデ,MASTER,12.4
東方Project,Grip ＆ Break Down！！,MASTER,12.0
オンゲキ,GranFatalité,MASTER,12.5
東方Project,アクアテラリウム,MASTER,12.6
niconico,砂の惑星 feat. HATSUNE MIKU,MASTER,12.3
niconico,ゴーストルール,MASTER,12.2
オンゲキ,Dazzle hop,EXPERT,12.3
オンゲキ,YURUSHITE,EXPERT,12.3
niconico,いーあるふぁんくらぶ,MASTER,12.0
POPS＆ANIME,Red Battle,MASTER,12.6
東方Project,月に叢雲華に風,MASTER,12.2
POPS＆ANIME,CiRCLING,MASTER,12.0
POPS＆ANIME,Hey-day狂騒曲（カプリチオ）,MASTER,12.3
POPS＆ANIME,ゆら・ゆらRing-Dong-Dance,MASTER,12.1
POPS＆ANIME,HARMONIZE,MASTER,12.3
POPS＆ANIME,STEP by STEP UP↑↑↑↑,MASTER,12.5
POPS＆ANIME,Link of Destiny,MASTER,12.4
POPS＆ANIME,Love is MY RAIL,MASTER,12.3
チュウマイ,こころここから,MASTER,12.6
POPS＆ANIME,Redo,MASTER,12.6
オンゲキ,Jump！！ Jump！！ Jump！！,MASTER,12.6
POPS＆ANIME,Grand symphony,MASTER,12.4
POPS＆ANIME,流星,MASTER,12.5
POPS＆ANIME,sister’s noise,MASTER,12.1
POPS＆ANIME,超電磁少女Days,MASTER,12.5
東方Project,Calamity Fortune,EXPERT,12.0
POPS＆ANIME,only my railgun,MASTER,12.3
niconico,炉心融解,MASTER,12.2
niconico,Tell Your World,MASTER,12.0
niconico,＊ハロー、プラネット。,MASTER,12.2
POPS＆ANIME,High Free Spirits,MASTER,12.3
POPS＆ANIME,Paradise Lost,MASTER,12.0
POPS＆ANIME,Connecting Happy！！,MASTER,12.3
niconico,シャルル,MASTER,12.0
東方Project,進捗どうですか？,MASTER,12.5
東方Project,東方妖々夢 ～the maximum moving about～,MASTER,12.5
東方Project,寒想桜,MASTER,12.1
東方Project,Colors,MASTER,12.1
東方Project,櫻結び,MASTER,12.3
東方Project,Melody！,MASTER,12.6
オンゲキ,どうぶつ☆パラダイス,MASTER,12.3
オンゲキ,Y.Y.Y.計画！！！！,MASTER,12.5
POPS＆ANIME,fantastic dreamer,MASTER,12.4
POPS＆ANIME,Hand in Hand - ユーフィリア（CV：高橋 李依）,MASTER,12.6
niconico,39　,MASTER,12.3
niconico,メルト,MASTER,12.0
オンゲキ,Starring Stars,MASTER,12.5
チュウマイ,The wheel to the right,EXPERT,12.2
オンゲキ,Aenbharr,EXPERT,12.6
niconico,妄想感傷代償連盟,MASTER,12.2
オンゲキ,最強 the サマータイム！！！！！,MASTER,12.4
POPS＆ANIME,徒花ネクロマンシー,MASTER,12.3
オンゲキ,トリドリ⇒モリモリ！Lovely fruits☆,MASTER,12.5
オンゲキ,夜明けのストリング,MASTER,12.4
niconico,快晴,MASTER,12.3
niconico,サマータイムレコード,MASTER,12.4
POPS＆ANIME,Doll’s Destiny,MASTER,12.6
POPS＆ANIME,Star Divine,MASTER,12.4
niconico,METEOR,MASTER,12.4
POPS＆ANIME,永遠メモリー,MASTER,12.3
東方Project,レプリカの恋,MASTER,12.2
オンゲキ,GEOMETRIC DANCE,EXPERT,12.1
niconico,インビジブル,EXPERT,12.0
POPS＆ANIME,未来の彼方,MASTER,12.5
niconico,メーベル（self cover）,MASTER,12.1
オンゲキ,ポケットからぬりつぶせ！,MASTER,12.3
オンゲキ,Mini skirt,EXPERT,12.2
オンゲキ,HONEY-Q,EXPERT,12.0
チュウマイ,SILENT BLUE,EXPERT,12.1
POPS＆ANIME,スタートライン,MASTER,12.2
POPS＆ANIME,星屑☆シーカー,MASTER,12.6
POPS＆ANIME,セカイのヒミツ,MASTER,12.3
POPS＆ANIME,ただ君に晴れ,MASTER,12.2
POPS＆ANIME,LEVEL5-judgelight-,MASTER,12.4
POPS＆ANIME,My Soul，Your Beats！,MASTER,12.3
オンゲキ,ヒトリボッチサテライト,EXPERT,12.6
VARIETY,Duello,EXPERT,12.3
オンゲキ,Last Kingdom,EXPERT,12.0
オンゲキ,R’N’R Monsta,EXPERT,12.5
POPS＆ANIME,春擬き,MASTER,12.2
POPS＆ANIME,わたしたち魔法乙女です☆,MASTER,12.6
POPS＆ANIME,ヒャダインのカカカタ☆カタオモイ-C,MASTER,12.6
niconico,乙女解剖,MASTER,12.0
niconico,メルティランドナイトメア,MASTER,12.5
POPS＆ANIME,エブリデイワールド,MASTER,12.0
POPS＆ANIME,ホシノキズナ,MASTER,12.4
オンゲキ,Ai Drew,EXPERT,12.3
POPS＆ANIME,Contrail ～軌跡～,MASTER,12.2
チュウマイ,otorii INNOVATED -［i］3-,EXPERT,12.4
オンゲキ,Galaxy Blaster,EXPERT,12.6
オンゲキ,Trinity Departure,EXPERT,12.1
オンゲキ,進め！マイウェイ！,MASTER,12.3
POPS＆ANIME,ハッピータイフーン,MASTER,12.5
POPS＆ANIME,Believe,MASTER,12.5
POPS＆ANIME,リトルソルジャー,MASTER,12.4
オンゲキ,夏色花火,MASTER,12.1
niconico,スイートマジック,MASTER,12.4
VARIETY,Air,EXPERT,12.2
POPS＆ANIME,NATSUKAGE-夏陰-,MASTER,12.1
POPS＆ANIME,Snow in ”I love you”,MASTER,12.6
チュウマイ,Genesis,EXPERT,12.4
POPS＆ANIME,いぇす！ゆゆゆ☆ゆるゆり♪♪,MASTER,12.5
オンゲキ,PinqPiq（xovevox Remix）,EXPERT,12.0
オンゲキ,RED to RED,EXPERT,12.2
POPS＆ANIME,カラフル,MASTER,12.4
POPS＆ANIME,Forever Friends,MASTER,12.4
POPS＆ANIME,紅蓮華,MASTER,12.5
POPS＆ANIME,五等分の気持ち,MASTER,12.1
チュウマイ,雷切-RAIKIRI-,EXPERT,12.6
POPS＆ANIME,コネクト,MASTER,12.5
POPS＆ANIME,beautiful tomorrow,MASTER,12.3
VARIETY,Jack-the-Ripper◆,EXPERT,12.1
POPS＆ANIME,進化系Colors,MASTER,12.4
チュウマイ,宛城、炎上！！,EXPERT,12.5
オンゲキ,キミは“見ていたね”？,MASTER,12.4
niconico,名探偵連続殺人事件,MASTER,12.5
東方Project,ナイト・オブ・ナイツ （かめりあ’s“ワンス・アポン・ア・ナイト”Remix）,EXPERT,12.2
東方Project,LOVERS,MASTER,12.6
niconico,愛されなくても君がいる,MASTER,12.3
VARIETY,Grievous Lady,EXPERT,12.1
niconico,ビターチョコデコレーション,MASTER,12.5
niconico,ウミユリ海底譚,MASTER,12.5
niconico,タイムマシン,MASTER,12.1
niconico,ツギハギスタッカート,MASTER,12.6
チュウマイ,Climax,EXPERT,12.1
niconico,太陽系デスコ,MASTER,12.3
東方Project,明星ロケット,MASTER,12.6
POPS＆ANIME,クライングハート,MASTER,12.4
POPS＆ANIME,SAKURAスキップ,MASTER,12.2
POPS＆ANIME,JUMPin’ JUMP UP！！！！,MASTER,12.5
オンゲキ,See The Light,EXPERT,12.5
POPS＆ANIME,天空カフェテリア,MASTER,12.3
POPS＆ANIME,LINK,MASTER,12.6
POPS＆ANIME,初恋は君色メモリー,MASTER,12.2
POPS＆ANIME,JOINT,MASTER,12.5
POPS＆ANIME,秒針を噛む,MASTER,12.3
niconico,Henceforth,MASTER,12.2
オンゲキ,最っ高のエンタメだ！！,EXPERT,12.3
ボーナストラック,ポケットからぬりつぶせ！ -日向 千夏ソロver.-,MASTER,12.3
ボーナストラック,ポケットからぬりつぶせ！ -柏木 美亜ソロver.-,MASTER,None
ボーナストラック,ポケットからぬりつぶせ！ -東雲 つむぎソロver.-,MASTER,None
POPS＆ANIME,Daydream café,MASTER,12.5
POPS＆ANIME,シュガーソングとビターステップ,MASTER,11.7
POPS＆ANIME,回レ！雪月花,MASTER,11.8
チュウマイ,ＧＯ！ＧＯ！ラブリズム♥,MASTER,11.9
POPS＆ANIME,ようこそジャパリパークへ,MASTER,11.7
POPS＆ANIME,This game,MASTER,11.8
POPS＆ANIME,Los！ Los！ Los！,MASTER,11.9
niconico,天ノ弱,MASTER,11.9
niconico,おこちゃま戦争,MASTER,None
オンゲキ,タテマエと本心の大乱闘,MASTER,11.8
niconico,千本桜,MASTER,11.9
POPS＆ANIME,BLACK SHOUT,MASTER,11.7
チュウマイ,7thSense,EXPERT,11.7
niconico,ブリキノダンス,MASTER,11.7
チュウマイ,エンドマークに希望と涙を添えて,EXPERT,11.8
POPS＆ANIME,TOMORROW,MASTER,11.9
niconico,カミサマネジマキ,EXPERT,11.7
POPS＆ANIME,secret base ～君がくれたもの～ （10 years after Ver．）,MASTER,11.7
POPS＆ANIME,カンペキWill,MASTER,11.7
niconico,初音ミクの消失,EXPERT,11.7
チュウマイ,Sentimental Snow,MASTER,11.9
POPS＆ANIME,DreamRiser,MASTER,11.8
オンゲキ,Touch and Go,EXPERT,11.7
VARIETY,FREEDOM DiVE （tpz Overcute Remix）,EXPERT,11.9
niconico,ブレス・ユア・ブレス,MASTER,11.8
POPS＆ANIME,星のダイアローグ,MASTER,11.7
東方Project,ウサテイ,EXPERT,None
チュウマイ,World Vanquisher,EXPERT,11.9
POPS＆ANIME,お願い☆My Boy,MASTER,11.7
niconico,Snow Fairy Story,MASTER,11.9
POPS＆ANIME,Brave Song,MASTER,None
チュウマイ,folern,EXPERT,11.7
オンゲキ,Sparkle,EXPERT,11.8
POPS＆ANIME,SmileAgain,MASTER,11.7
VARIETY,Dreadnought,EXPERT,11.8
オンゲキ,DAWNBREAKER,EXPERT,11.8
niconico,Hand in Hand - livetune,MASTER,11.7
VARIETY,felys -final remix-,EXPERT,11.7
オンゲキ,Daydreama,EXPERT,11.8
オンゲキ,Lostwizz,EXPERT,11.7
東方Project,ナイト・オブ・ナイツ（xi Remix）,EXPERT,11.9
オンゲキ,LiftOff,EXPERT,11.7
POPS＆ANIME,カナリア,EXPERT,11.9
オンゲキ,Ruler Count，Zero,EXPERT,11.7
オンゲキ,A Day in the Patisserie,EXPERT,11.7
オンゲキ,Adverse Gaff,EXPERT,11.9
チュウマイ,シャッキーーン！！,EXPERT,11.8
オンゲキ,STARTLINER,MASTER,11.2
オンゲキ,Perfect Shining！！,MASTER,11.5
POPS＆ANIME,君の知らない物語,MASTER,11.0
VARIETY,檄！帝国華撃団,MASTER,11.4
オンゲキ,みんな Happy！！,MASTER,11.5
チュウマイ,Hyper Active,EXPERT,11.2
チュウマイ,AMAZING MIGHTYYYY！！！！,EXPERT,None
オンゲキ,Ai Nov,EXPERT,11.0
POPS＆ANIME,ときめきエクスペリエンス！,MASTER,11.1
POPS＆ANIME,That Is How I Roll！,MASTER,11.5
POPS＆ANIME,しゅわりん☆どり～みん,MASTER,11.1
POPS＆ANIME,えがおのオーケストラっ！,MASTER,11.1
POPS＆ANIME,鳥の詩,MASTER,11.3
チュウマイ,First Twinkle,MASTER,11.4
POPS＆ANIME,SAKURA,MASTER,11.2
niconico,初音ミクの激唱,EXPERT,11.0
POPS＆ANIME,わたし音頭,MASTER,11.5
POPS＆ANIME,連れ去って・閉じ込めて・好きにして,MASTER,11.2
VARIETY,GOODRAGE,EXPERT,11.5
オンゲキ,アンハッピーリフレイン,EXPERT,11.3
POPS＆ANIME,Cream＋Mint,MASTER,11.4
オンゲキ,Death Doll,EXPERT,11.2
POPS＆ANIME,Lost Princess,MASTER,11.6
POPS＆ANIME,極上スマイル,MASTER,11.6
POPS＆ANIME,終わりの先の音節,EXPERT,11.0
VARIETY,conflict,EXPERT,11.4
niconico,人生リセットボタン,EXPERT,11.3
オンゲキ,Baqeela,EXPERT,11.4
オンゲキ,Lazy Addiction,EXPERT,11.6
東方Project,患部で止まってすぐ溶ける～狂気の優曇華院,EXPERT,11.0
東方Project,Imperishable Night 2006（2016 Refine）,EXPERT,11.6
niconico,裏表ラバーズ,EXPERT,11.6
niconico,こどものしくみ,EXPERT,11.0
オンゲキ,Honey Bear,EXPERT,11.0
チュウマイ,Change Our MIRAI！ （Our 7 Lights）,EXPERT,11.0
オンゲキ,Radiance,EXPERT,11.5
東方Project,Doll Judgment,EXPERT,11.1
チュウマイ,BOKUTO,EXPERT,11.3
東方Project,疾走あんさんぶる,EXPERT,11.4
オンゲキ,撩乱乙女†無双劇,EXPERT,11.6
東方Project,物凄い狂っとるフランちゃんが物凄いうた,EXPERT,11.1
オンゲキ,アマツカミ,EXPERT,None
チュウマイ,Summer is over,EXPERT,11.0
niconico,アンノウン・マザーグース,EXPERT,11.0
VARIETY,Destr0yer,EXPERT,11.6
VARIETY,花たちに希望を,EXPERT,11.5
オンゲキ,Iudicium “Apocalypsis Mix”,EXPERT,11.4
POPS＆ANIME,スパッと！スパイ＆スパイス,EXPERT,11.0
オンゲキ,All Right！,EXPERT,11.5
POPS＆ANIME,Phantom Joke,EXPERT,11.1
ボーナストラック,STARTLINER -星咲 あかりソロver.-,MASTER,None
ボーナストラック,STARTLINER -藤沢 柚子ソロver.-,MASTER,None
ボーナストラック,STARTLINER -三角 葵ソロver.-,MASTER,None
チュウマイ,Oshama Scramble！（Cranky Remix）,EXPERT,11.6
niconico,イカサマライフゲイム,EXPERT,11.3
チュウマイ,ヤミツキ,EXPERT,11.5
東方Project,Satori ～3rd EyEs （2020 Recall）,EXPERT,11.6
東方Project,Paranoia,EXPERT,11.1
VARIETY,Singularity - ETIA.,EXPERT,11.5
VARIETY,迷える音色は恋の唄,EXPERT,11.6
VARIETY,Burning Steel Inferno,EXPERT,11.0
東方Project,天狗の落とし文 feat. ｙｔｒ,EXPERT,11.3
オンゲキ,fulgente （flip-side color mix）,EXPERT,11.2
東方Project,ロストワードクロニカル,EXPERT,None
オンゲキ,Random Access Emotions,EXPERT,None
オンゲキ,Daredevil Glaive,EXPERT,11.4
VARIETY,Singularity - SEGA SOUND STAFF「セガNET麻雀 MJ」,EXPERT,11.4
VARIETY,Halcyon,EXPERT,10.8
オンゲキ,Dolphika,EXPERT,10.7
オンゲキ,P！P！P！P！がおー！！,EXPERT,10.7
チュウマイ,Gate of Doom,EXPERT,10.8
オンゲキ,ロッキンピンクモンスター,EXPERT,10.8
チュウマイ,Paqqin,EXPERT,10.7
チュウマイ,閃鋼のブリューナク,EXPERT,10.7
チュウマイ,Kattobi KEIKYU Rider,EXPERT,10.8
niconico,クイーンオブハート,EXPERT,10.7
niconico,星屑ユートピア,EXPERT,10.9
オンゲキ,Chelly spLash♪♪,EXPERT,10.9
オンゲキ,オンゲキ全域★アカネサマ？,EXPERT,10.8
POPS＆ANIME,メニメニマニマニ,EXPERT,None
オンゲキ,BOUNCE ＆ DANCE,EXPERT,10.7
東方Project,妖狐仙楽踏,EXPERT,10.7
東方Project,Scream out！ -音華鏡 Re：BREAK-,EXPERT,10.9
POPS＆ANIME,GO！ GO！ MANIAC,EXPERT,None
niconico,ギガンティックO.T.N,EXPERT,10.8
東方Project,サドマミホリック,EXPERT,10.9
東方Project,全力ハッピーライフ,EXPERT,10.7
POPS＆ANIME,青春サイダー,EXPERT,10.7
東方Project,ナイト・オブ・ナイツ（Cranky Remix）,EXPERT,10.8
niconico,セツナトリップ,EXPERT,10.7
オンゲキ,Splash Dance！！,EXPERT,10.7
POPS＆ANIME,Nameless Story,EXPERT,10.8
チュウマイ,超常マイマイン,EXPERT,10.9
niconico,深海のリトルクライ feat. 土岐麻子,EXPERT,None
東方Project,ルナティックレッドアイズ,EXPERT,10.8
オンゲキ,ウキウキ☆Candy！,EXPERT,10.9
niconico,テオ,EXPERT,None
VARIETY,Reach for the Stars,EXPERT,10.9
niconico,吉原ラメント,EXPERT,10.9
オンゲキ,Say Goodbye,EXPERT,10.9
niconico,命に嫌われている,EXPERT,10.7
POPS＆ANIME,藍の華,EXPERT,10.7
POPS＆ANIME,Realize,EXPERT,None
VARIETY,Altale,EXPERT,10.7
VARIETY,BBBLOW -rebuild-,EXPERT,10.7
オンゲキ,STARRED HEART,EXPERT,None
niconico,脳漿炸裂ガール,EXPERT,10.0
チュウマイ,Oshama Scramble！,EXPERT,10.2
チュウマイ,Cyberozar,EXPERT,10.0
niconico,鬼KYOKAN,EXPERT,10.5
チュウマイ,We Gonna Journey,EXPERT,10.4
東方Project,幻想のサテライト,EXPERT,10.3
niconico,ぼくらの16bit戦争,EXPERT,10.3
東方Project,Destiny Runner,EXPERT,10.0
東方Project,最終鬼畜妹フランドール・Ｓ,EXPERT,10.3
niconico,チュルリラ・チュルリラ・ダッダッダ！,EXPERT,10.0
チュウマイ,ロボットプラネットユートピア,EXPERT,10.4
オンゲキ,TAKE ON THE WORLD,EXPERT,10.2
オンゲキ,TeA,EXPERT,10.0
東方Project,東方妖々夢 ～the maximum moving about～,EXPERT,10.0
オンゲキ,Rule the World！！,EXPERT,10.1
POPS＆ANIME,fantastic dreamer,EXPERT,10.0
POPS＆ANIME,Rising Hope,EXPERT,10.1
東方Project,チルノのパーフェクトさんすう教室,EXPERT,None
チュウマイ,光線チューニング,EXPERT,10.0
niconico,ドーナツホール,EXPERT,10.1
niconico,ダンスロボットダンス,EXPERT,10.5
東方Project,Help me，ERINNNNNN！！,EXPERT,10.0
niconico,デリヘル呼んだら君が来た,EXPERT,10.0
niconico,トーキョーゲットー,EXPERT,10.0
niconico,白い雪のプリンセスは,EXPERT,10.0
オンゲキ,Heart Cooking Recipe,EXPERT,10.4
チュウマイ,ライトスピード・デイズ,EXPERT,10.4
niconico,地球最後の告白を,EXPERT,10.5
POPS＆ANIME,ピースサイン,EXPERT,10.2
POPS＆ANIME,Catch the Moment,EXPERT,10.2
POPS＆ANIME,ヒャダインのカカカタ☆カタオモイ-C,EXPERT,10.4
niconico,Seyana. ～何でも言うことを聞いてくれるアカネチャン～,EXPERT,10.0
niconico,アンドロイドガール,EXPERT,10.5
niconico,チェチェ・チェック・ワンツー！,EXPERT,10.0
オンゲキ,絆はずっとGrowing Up！！！,EXPERT,10.2
VARIETY,ベースラインやってる？笑,EXPERT,10.2
niconico,ナンセンス文学,EXPERT,10.5
POPS＆ANIME,100％ちゅ～学生,EXPERT,10.1
オンゲキ,Jörqer,EXPERT,10.5
オンゲキ,Glitter-Glitter,EXPERT,10.0
POPS＆ANIME,侵略ノススメ☆,EXPERT,10.3
niconico,ベノム,EXPERT,10.4
POPS＆ANIME,よいまちカンターレ,EXPERT,10.0
チュウマイ,ツクヨミステップ,EXPERT,10.4
niconico,絶対にチョコミントを食べるアオイチャン,EXPERT,10.1
東方Project,LOVERS,EXPERT,10.3
POPS＆ANIME,STORIA,EXPERT,10.0
niconico,スクランブル交際,EXPERT,10.0
POPS＆ANIME,ワタシConnect＊,EXPERT,10.0
POPS＆ANIME,JOINT,EXPERT,None
niconico,ワールズエンド・ダンスホール,EXPERT,None
