業 -善なる神とこの世の悪について-,MAS,15.4
The Metaverse -First story of the SeelischTact-,MAS,15.4
祈 -我ら神祖と共に歩む者なり-,MAS,15.4
ピアノ協奏曲第１番”蠍火”,MAS,15.3
混沌を越えし我らが神聖なる調律主を讃えよ,MAS,15.3
World Vanquisher,MAS,15.3
macrocosmos,MAS,15.2
Rebellion,MAS,15.2
Strange Love,MAS,15.2
POTENTIAL,MAS,15.1
怒槌,MAS,15.1
玩具狂奏曲 -終焉-,MAS,15.1
宿星審判,MAS,15.1
X7124,MAS,15.1
雪男,MAS,15.1
蜘蛛の糸,MAS,15.1
ANU,MAS,15.0
TiamaT：F minor,MAS,15.0
Killing Rhythm,MAS,15.0
Trrricksters！！,MAS,15.0
parvorbital,MAS,15.0
Wizdomiot,MAS,14.9
Finite,MAS,14.9
神威,MAS,14.9
A Site De La Rue,MAS,14.9
ヒバチ,MAS,14.9
HAELEQUIN （Original Remaster）,MAS,14.9
★LittlE HearTs★,MAS,14.9
Dengeki Tube,MAS,14.9
End Time,MAS,14.9
Giselle,MAS,14.9
Love ＆ Justice,MAS,14.9
アポカリプスに反逆の焔を焚べろ,MAS,14.9
YURUSHITE,MAS,14.9
Viyella’s Tears,MAS,14.9
脳天直撃,MAS,14.9
Contrapasso -inferno-,MAS,14.9
Xevel,MAS,14.9
otorii INNOVATED -［i］3-,MAS,14.9
赤壁、大炎上！！,MAS,14.9
Schrecklicher Aufstand,MAS,14.9
Devastating Blaster,MAS,14.9
Glorious Crown （tpz over-Over-OVERCUTE REMIX）,MAS,14.9
Surveiller et punir,MAS,14.9
GIGA DRIVE,MAS,14.9
《破滅》 ～ Rhapsody for The End,MAS,14.9
Blazing：Storm,MAS,14.9
Lemegeton -little key of solomon-,MAS,14.8
AttraqtiA,MAS,14.8
SINister Evolution,MAS,14.8
Blackmagik Blazing,MAS,14.8
BATTLE NO.1,MAS,14.8
FREEDOM DiVE,MAS,14.8
Angel dust,MAS,14.8
Doppelganger,MAS,14.8
Ascension to Heaven,MAS,14.8
MARENOL,MAS,14.8
小悪魔の遊園地,MAS,14.8
真千年女王,MAS,14.8
Garakuta Doll Play,MAS,14.8
AMAZING MIGHTYYYY！！！！,MAS,14.8
Caliburne ～Story of the Legendary sword～,MAS,14.8
ねぇ、壊れタ人形ハ何処へ棄テらレるノ？,MAS,14.8
封焔の135秒,MAS,14.8
the EmpErroR,MAS,14.8
Opfer,MAS,14.8
Don’t Fight The Music,MAS,14.8
神威 （NAOKI × ZPP MIX）,MAS,14.8
エンドマークに希望と涙を添えて,MAS,14.8
宛城、炎上！！,MAS,14.8
Kattobi KEIKYU Rider,MAS,14.8
Iudicium,MAS,14.8
Gate of Doom,MAS,14.8
夕焼けのRed Parade,MAS,14.8
Climax,MAS,14.8
電光石火,MAS,14.8
8-EM,MAS,14.8
Surrogate Life,MAS,14.8
Megameteor,MAS,14.8
Hainuwele,MAS,14.8
Elemental Ethnic,MAS,14.8
We Gonna Journey,ULT,14.7
初音ミクの激唱,MAS,14.7
Calamity Fortune,MAS,14.7
BUCHiGiRE Berserker,MAS,14.7
Crimson Phoenix,MAS,14.7
Fracture Ray,MAS,14.7
Grievous Lady,MAS,14.7
Sound Chimera,MAS,14.7
ouroboros -twin stroke of the end-,MAS,14.7
Vallista,MAS,14.7
水晶世界 ～Fracture～,MAS,14.7
Tuk Tuk Boshi,MAS,14.7
VERTeX,MAS,14.7
Excalibur ～Revived resolution～,MAS,14.7
Alea jacta est！,MAS,14.7
Ai Nov,MAS,14.7
Everlasting Today,MAS,14.7
MEGATON BLAST,MAS,14.7
Paqqin （tpz Despair Remix）,MAS,14.7
L’épisode,MAS,14.7
スピカの天秤,MAS,14.7
Trackless wilderness,MAS,14.7
Last Celebration,MAS,14.7
IMPACT,MAS,14.7
Evans,ULT,14.6
紅（楽曲名）,MAS,14.6
Yakumo ＞＞JOINT STRUGGLE （2019 Update）,MAS,14.6
Imperishable Night 2006 （2016 Refine）,MAS,14.6
極圏,MAS,14.6
Scarlet Lance,MAS,14.6
G e n g a o z o,MAS,14.6
Nhelv,MAS,14.6
PUPA,MAS,14.6
AXION,MAS,14.6
larva,MAS,14.6
GOLDEN RULE,MAS,14.6
Sparking Revolver,MAS,14.6
folern,MAS,14.6
Walzer für das Nichts,MAS,14.6
B100d Hunter,MAS,14.6
《本能》 ～ ReCoda,MAS,14.6
Blessed Rain,MAS,14.6
［CRYSTAL_ACCESS］,MAS,14.6
《自戒》 ～ Paganelope,MAS,14.6
ジングルベル,MAS,14.5
初音ミクの消失,MAS,14.5
妖々跋扈　～ Who done it！！！,MAS,14.5
星の器～STAR OF ANDROMEDA,MAS,14.5
Blue Noise,MAS,14.5
GERBERA,MAS,14.5
Aragami,MAS,14.5
Air,MAS,14.5
Dreadnought,MAS,14.5
Name of oath,MAS,14.5
Destr0yer,MAS,14.5
管弦楽組曲 第3番 ニ長調「第2曲（G線上のアリア）」BWV.1068-2,MAS,14.5
Like the Wind［Reborn］,MAS,14.5
Iudicium “Apocalypsis Mix”,MAS,14.5
Good bye，Merry-Go-Round.,MAS,14.5
luna blu,MAS,14.5
閃鋼のブリューナク,MAS,14.5
Gate of Fate,MAS,14.5
Genesis,MAS,14.5
Philosopher,MAS,14.5
暗晦にハイライト,MAS,14.5
U ARE,MAS,14.5
TECHNOPOLIS 2085,MAS,14.5
UltraNeon,MAS,14.5
Qliphothgear,MAS,14.5
祈 -我ら神祖と共に歩む者なり-,EXP,14.5
FLOWER,ULT,14.4
電脳少女は歌姫の夢を見るか？,MAS,14.4
ハイセンスナンセンス,MAS,14.4
ラクガキスト,MAS,14.4
神々が恋した幻想郷,MAS,14.4
ナイト・オブ・ナイツ （USAO Remix）,MAS,14.4
最終鬼畜妹フランドール・S,MAS,14.4
ゴールドビジョン,MAS,14.4
きゅうりバーにダイブ,MAS,14.4
Evans,MAS,14.4
SON OF SUN,MAS,14.4
BLUE ZONE,MAS,14.4
セイクリッド　ルイン,MAS,14.4
Strahv,MAS,14.4
AVALON,MAS,14.4
volcanic,MAS,14.4
Parousia,MAS,14.4
ZEUS,MAS,14.4
Black Lotus,MAS,14.4
felys -final remix-,MAS,14.4
Akasagarbha -reincarnate-,MAS,14.4
プナイプナイたいそう,MAS,14.4
CITRUS MONSTER,MAS,14.4
The wheel to the right,MAS,14.4
Tango Rouge,MAS,14.4
紅華刑,MAS,14.4
Tidal Wave,MAS,14.4
オススメ☆♂♀☆でぃすとぴあ,MAS,14.4
Supersonic Generation,MAS,14.4
Twilight,MAS,14.4
ハートアタック,MAS,14.4
Sqlupp,MAS,14.4
Nijirate Fanatics,MAS,14.4
せかいせいふく！ゆりあちゃん！,MAS,14.4
シャッキーーン！！,MAS,14.4
Therapeutic Hoedown,MAS,14.4
ハードコア・シンドローム,MAS,14.4
Insane Gamemode,MAS,14.4
Parad’ox,MAS,14.4
《投影》 ～ Oh My Baby Doll,MAS,14.4
月詠に鳴る,MAS,14.4
《偏愛》 ～ Shattered Memories,MAS,14.4
混沌を越えし我らが神聖なる調律主を讃えよ,EXP,14.4
X7124,EXP,14.4
ちくわパフェだよ☆CKP,ULT,14.3
Theme of SeelischTact,ULT,14.3
のぼれ！すすめ！高い塔,MAS,14.3
Sweet Requiem,MAS,14.3
DX超性能フルメタル少女,MAS,14.3
Cyaegha,MAS,14.3
Super Lovely （Heavenly Remix）,MAS,14.3
Brain Power,MAS,14.3
Taiko Drum Monster,MAS,14.3
conflict,MAS,14.3
Halcyon,MAS,14.3
GOODTEK,MAS,14.3
Pure Ruby,MAS,14.3
チョウの標本,MAS,14.3
NightTheater,MAS,14.3
燃えてもエンジョイ！宛城、炎上！！,MAS,14.3
conflict（斉唱）,MAS,14.3
Hyper Active,MAS,14.3
Warcry,MAS,14.3
眠れぬ夜君を想フ,MAS,14.3
JIGOKU STATION CENTRAL GATE,MAS,14.3
BlazinG AIR,MAS,14.3
CHOCOLATE BOMB！！！！,MAS,14.3
ぜったい！昇天★鎮魂歌♂,MAS,14.3
StufeStern,MAS,14.3
中学2年生のアンドロイド,MAS,14.3
Black Swan Lake,MAS,14.3
absolute rightness,MAS,14.3
《運命》 ～ Ray of Hope,MAS,14.3
Fidget Dancer,MAS,14.3
大天使ユリア★降臨！,MAS,14.3
SQUAD-Phvntom-,MAS,14.3
POTENTIAL,EXP,14.3
Killing Rhythm,EXP,14.3
六兆年と一夜物語,ULT,14.2
凛として咲く花の如く,ULT,14.2
Infantoon Fantasy,ULT,14.2
狩猟戦旗～REQUIEM,MAS,14.2
ぶいえす！！らいばる！！,MAS,14.2
害虫,MAS,14.2
インビジブル,MAS,14.2
ナイト・オブ・ナイツ （かめりあ’s”ワンス・アポン・ア・ナイト”Remix）,MAS,14.2
レータイスパークEx,MAS,14.2
サドマミホリック,MAS,14.2
患部で止まってすぐ溶ける ～狂気の優曇華院,MAS,14.2
幻想のサテライト,MAS,14.2
Satellite System ft.Diana Chiaki,MAS,14.2
XL TECHNO -More Dance Remix-,MAS,14.2
Jack-the-Ripper◆,MAS,14.2
DRAGONLADY,MAS,14.2
Jade Star,MAS,14.2
花たちに希望を,MAS,14.2
分からない,MAS,14.2
Blows Up Everything,MAS,14.2
GEMINI -C-,MAS,14.2
We Gonna Journey,MAS,14.2
Gustav Battle,MAS,14.2
Cyberozar,MAS,14.2
We Gonna Party -Feline Groove Mix-,MAS,14.2
覚醒楽奏メタフィクション,MAS,14.2
トリスメギストス（楽曲名）,MAS,14.2
Twice up Scenery,MAS,14.2
再生不能,MAS,14.2
ピュグマリオンの咒文,MAS,14.2
Pre Paid Pog Punk Panic,MAS,14.2
業 -善なる神とこの世の悪について-,EXP,14.2
The Metaverse -First story of the SeelischTact-,EXP,14.2
殺人レコード恐怖のメロディ,MAS,14.1
頓珍漢の宴,MAS,14.1
拝啓ドッペルゲンガー,MAS,14.1
カミサマネジマキ,MAS,14.1
ぼくらの16bit戦争,MAS,14.1
ギガンティックO.T.N,MAS,14.1
Cinderella Story［BlackY Remix］,MAS,14.1
＃FairyJoke,MAS,14.1
ポーカーフェイス,MAS,14.1
ナイト・オブ・ナイツ （Cranky Remix）,MAS,14.1
Phantasm Brigade,MAS,14.1
ミュージック・リボルバー,MAS,14.1
Arcahv,MAS,14.1
BlythE,MAS,14.1
MEGALOVANIA,MAS,14.1
CO5M1C R4ILR0AD,MAS,14.1
R.I.P.,MAS,14.1
The wheel to the Night ～インド人が夢に！？～,MAS,14.1
Baqeela,MAS,14.1
おまかせ！！トラブルメイ娘☆とれびちゃん,MAS,14.1
コモリの怪物,MAS,14.1
Life,MAS,14.1
Vibrant Verve,MAS,14.1
まごころのカスクルゥト,MAS,14.1
《選別》 ～ Refuge,MAS,14.1
Athlete Killer ”Meteor”,MAS,14.1
Rebellion,EXP,14.1
ベースラインやってる？笑,MAS,14.0
サイバーサンダーサイダー,MAS,14.0
二次元ドリームフィーバー,MAS,14.0
こちら、幸福安心委員会です。,MAS,14.0
デンパラダイム,MAS,14.0
鬼KYOKAN,MAS,14.0
Mr. Wonderland,MAS,14.0
宵闇の月に抱かれて,MAS,14.0
チルノのパーフェクトさんすう教室　⑨周年バージョン,MAS,14.0
東方妖々夢 ～the maximum moving about～,MAS,14.0
最終鬼畜妹・一部声,MAS,14.0
DAZZLING♡SEASON,MAS,14.0
董卓討つべし,MAS,14.0
REDRAVE,MAS,14.0
DataErr0r,MAS,14.0
Pangaea,MAS,14.0
クロートーと星の観測者,MAS,14.0
Outlaw’s Lullaby,MAS,14.0
奏者はただ背中と提琴で語るのみ,MAS,14.0
MELtin’ 17,MAS,14.0
紅き魔汁、闇より降りて天啓の響きを導く,MAS,14.0
Oshama Scramble！,MAS,14.0
天火明命,MAS,14.0
Rule the World！！,MAS,14.0
My First Phone,MAS,14.0
今ぞ♡崇め奉れ☆オマエらよ！！～姫の秘メタル渇望～,MAS,14.0
MUSIC PЯAYER,MAS,14.0
Oshama Scramble！ （Cranky Remix）,MAS,14.0
BOKUTO,MAS,14.0
立川浄穢捕物帳,MAS,14.0
bubble attack,MAS,14.0
Pastel Party,MAS,14.0
足立オウフwwww,MAS,14.0
Innocent Truth,MAS,14.0
アイリちゃんは暗黒魔導士！,MAS,14.0
ユメキキョウ,MAS,14.0
ハジマリノピアノ,MAS,14.0
宙の隣,MAS,14.0
C ＆ B,MAS,14.0
Crack,MAS,14.0
ピアノ協奏曲第１番”蠍火”,EXP,14.0
ヒバチ,EXP,14.0
Ascension to Heaven,EXP,14.0
Little ”Sister” Bitch,MAS,13.9
ホイホイ☆幻想ホロイズム,MAS,13.9
疾走あんさんぶる,MAS,13.9
聖少女サクリファイス,MAS,13.9
風に乗せた願い,MAS,13.9
SKYSCRAPER,MAS,13.9
音弾超人ゴリライザー,MAS,13.9
88D,MAS,13.9
Over Heart,MAS,13.9
Here We Go,MAS,13.9
Radiance,MAS,13.9
キラメケ→Shoot it Now！,MAS,13.9
サンシャインサマー☆夏期講習,MAS,13.9
Dual Fractal,MAS,13.9
男装女形表裏一体発狂小娘の詐称疑惑と苦悩と情熱。,MAS,13.9
《逃避》 ～ The Deserter,MAS,13.9
ヴンダーカンマー,MAS,13.9
Destination,MAS,13.9
パームカルマ,MAS,13.9
萌豚♥功夫♥大乱舞,MAS,13.9
Spiral Fortune,MAS,13.9
《紀律》 ～ As One,MAS,13.9
Inpaqq,MAS,13.9
XL TECHNO -More Dance Remix-,EXP,13.9
怒槌,EXP,13.9
玩具狂奏曲 -終焉-,EXP,13.9
碧き孤島のアングゥィス,MAS,13.8
グリーンライツ・セレナーデ,MAS,13.8
カゲロウデイズ,MAS,13.8
輪廻転生,MAS,13.8
アンノウン・マザーグース,MAS,13.8
おこちゃま戦争,MAS,13.8
人生リセットボタン,MAS,13.8
脳漿炸裂ガール,MAS,13.8
セツナトリップ,MAS,13.8
Pump！n,MAS,13.8
ウサテイ,MAS,13.8
taboo tears you up,MAS,13.8
ケロ⑨destiny,MAS,13.8
ひれ伏せ愚民どもっ！,MAS,13.8
エテルニタス・ルドロジー,MAS,13.8
少女幻葬戦慄曲 ～ Necro Fantasia,MAS,13.8
四次元跳躍機関,MAS,13.8
CHAOS,MAS,13.8
Memory of Beach,MAS,13.8
Life is PIANO,MAS,13.8
Äventyr,MAS,13.8
正体判明ネームレスガール,MAS,13.8
エンドマークに希望と涙を添えて～イロドリミドリアレンジ～,MAS,13.8
Bang Babang Bang！！！,MAS,13.8
一世嬉遊曲‐ディヴェルティメント‐,MAS,13.8
Jack the GAME,MAS,13.8
なるとなぎのパーフェクトロックンロール教室,MAS,13.8
P！P！P！P！がおー！！,MAS,13.8
Alma,MAS,13.8
SNIPE WHOLE,MAS,13.8
ケモノガル,MAS,13.8
ドライヴ・オン・ザ・レインボー,MAS,13.8
Summer is over,MAS,13.8
PAST,MAS,13.8
Blessed,MAS,13.8
とーきょー全域★アキハバラ？ （ver.にこる）,MAS,13.8
ツクヨミステップ,MAS,13.8
Hey Yeah！！,MAS,13.8
Yume no hajimari,MAS,13.8
Just You,MAS,13.8
《信仰》 ～ Eudaimonia,MAS,13.8
つっぱれ！にゃんきー魂,MAS,13.8
《種子》 ～ Set You Free,MAS,13.8
SON OF SUN,EXP,13.8
神威,EXP,13.8
Giselle,EXP,13.8
YURUSHITE,EXP,13.8
World Vanquisher,EXP,13.8
Nijirate Fanatics,EXP,13.8
宿星審判,EXP,13.8
B.B.K.K.B.K.K.,ULT,13.7
Kadenz,MAS,13.7
Bull’s Eye,MAS,13.7
ストライク・ザ・ブラッド,MAS,13.7
TREAT OR TREAT？,MAS,13.7
アンヘル,MAS,13.7
アンドロイドガール,MAS,13.7
KILLER B,MAS,13.7
絶対にチョコミントを食べるアオイチャン,MAS,13.7
ヒバナ,MAS,13.7
ミリオン／ワンズ,MAS,13.7
ゴーストルール,MAS,13.7
アンハッピーリフレイン,MAS,13.7
幸せになれる隠しコマンドがあるらしい,MAS,13.7
チルドレンレコード,MAS,13.7
タイガーランペイジ,MAS,13.7
ロストワードクロニカル,MAS,13.7
はたてのバッコイ殺人事件,MAS,13.7
Energy Booster ～ 上海紅茶館,MAS,13.7
ARROW RAIN feat. Ayame,MAS,13.7
【東方ニコカラ】秘神マターラ feat.魂音泉【IOSYS】,MAS,13.7
Floating Darkness,MAS,13.7
Jimang Shot,MAS,13.7
Axium Crisis,MAS,13.7
Altale,MAS,13.7
The Formula,MAS,13.7
SAMBISTA,MAS,13.7
Say A Vengeance,MAS,13.7
STAGER,MAS,13.7
JULIAN,MAS,13.7
Black Lair,MAS,13.7
Funny Funky Freaky,MAS,13.7
ぷよぷよのうた ピコピコミックス,MAS,13.7
Everything For A Reason,MAS,13.7
Starting Over,MAS,13.7
-OutsideR：RequieM-,MAS,13.7
みなえをチェック！,MAS,13.7
Day by Day CRiSiS Songs,MAS,13.7
SUPER RESULT BEAT vol.1,MAS,13.7
Kattobi舞高Riders,MAS,13.7
Secret Sleuth,MAS,13.7
ここからはじまるプロローグ。,MAS,13.7
Jörqer,MAS,13.7
stella＝steLLa,MAS,13.7
Tuning Rangers,MAS,13.7
Paqqin,MAS,13.7
最愛テトラグラマトン,MAS,13.7
ゲシュタルト！テスト期間！！,MAS,13.7
EXECUTOR,MAS,13.7
Drivessover,MAS,13.7
逃げろ！サテライトキャンパス！！,MAS,13.7
Seagull,MAS,13.7
Servant of Love,MAS,13.7
strelitzia,MAS,13.7
【冒険】イングリット葛西降臨！【実況】,MAS,13.7
《混乱》 ～ Muspell,MAS,13.7
モノクロトワイライト,MAS,13.7
エキセントリックコンコン,MAS,13.7
ROAD TO DREAM,MAS,13.7
《狂乱》 ～ Cataclysm,MAS,13.7
Utopithm,MAS,13.7
Fantasm,MAS,13.7
BUCHiGiRE Berserker,EXP,13.7
End Time,EXP,13.7
アポカリプスに反逆の焔を焚べろ,EXP,13.7
封焔の135秒,EXP,13.7
Opfer,EXP,13.7
Viyella’s Tears,EXP,13.7
神威 （NAOKI × ZPP MIX）,EXP,13.7
TiamaT：F minor,EXP,13.7
folern,EXP,13.7
Hainuwele,EXP,13.7
蜘蛛の糸,EXP,13.7
Strange Love,EXP,13.7
FIRE BIRD,MAS,13.6
Phantom Joke,MAS,13.6
ローリンガール,MAS,13.6
深海のリトルクライ feat. 土岐麻子,MAS,13.6
幾望の月,MAS,13.6
チュルリラ・チュルリラ・ダッダッダ！,MAS,13.6
XL TECHNO,MAS,13.6
L9,MAS,13.6
カラッポ・ノンフィクション,MAS,13.6
私の中の幻想的世界観及びその顕現を想起させたある現実での出来事に関する一考察,MAS,13.6
GranFatalité,MAS,13.6
札付きのワル　～マイケルのうた～,MAS,13.6
時の冒険者,MAS,13.6
Blazing Break,MAS,13.6
Super Kitsch Mode,MAS,13.6
Blows Up Everything,EXP,13.6
ANU,EXP,13.6
Glorious Crown （tpz over-Over-OVERCUTE REMIX）,EXP,13.6
GIGA DRIVE,EXP,13.6
JET,ULT,13.5
アンクローズ・ヒューマン,MAS,13.5
レトロマニア狂想曲,MAS,13.5
夜咄ディセイブ,MAS,13.5
仙酌絶唱のファンタジア,MAS,13.5
PRIVATE SERVICE,MAS,13.5
010,MAS,13.5
ERIS -Legend of Gaidelia-,MAS,13.5
Her Majesty,MAS,13.5
ETERNAL DRAIN,MAS,13.5
Burning Hearts ～炎のANGEL～,MAS,13.5
イロトリドリのメロディ,MAS,13.5
ライトスピード・デイズ,MAS,13.5
Memories of Sun and Moon,MAS,13.5
Hyperion,MAS,13.5
PinqPiq,MAS,13.5
Rendezvous,MAS,13.5
The Darkness of Valhalla,MAS,13.5
《最愛》 ～ Curse,MAS,13.5
ドルオタ忍道！楠子ノ巻,MAS,13.5
絶対トキメキデリバリー,MAS,13.5
Echoes,MAS,13.5
G e n g a o z o,EXP,13.5
小悪魔の遊園地,EXP,13.5
Akasagarbha -reincarnate-,EXP,13.5
電光石火,EXP,13.5
