MASTER,オンゲキ,Opfer,"1,824",74,15.0,15,ジュエル180個消費
MASTER,オンゲキ,ω4,"2,500",170,15.0,15,ジュエル300個消費
MASTER,オンゲキ,脳天直撃,"2,238",140,15.1,15,None
MASTER,オンゲキ,Apollo,"3,390",200,15.4,15,None
MASTER,オンゲキ,LAMIA,"2,500",200,15.4,15,None
MASTER,オンゲキ,Magical Panic Adventure,"1,653",107,15.1,15,None
MASTER,オンゲキ,Op.I《fear-TITΛN-》,"2,691",337,15.2,15,None
MASTER,オンゲキ,YURUSHITE,"1,367",57,14.8,14+,ジュエル150個消費
MASTER,オンゲキ,Titania,"2,500",120,14.9,14+,ジュエル250個消費
MASTER,オンゲキ,Viyella’s Tears,"2,178",133,14.8,14+,ジュエル200個消費
LUNATIC,LUNATIC,緋蜂,"1,107",150,14.7,14+,ジュエル100個消費
MASTER,オンゲキ,A Man In The Mirror,"1,518",149,14.8,14+,None
MASTER,オンゲキ,Good bye，Merry-Go-Round.,"2,119",60,14.9,14+,第3章ジュエル200個消費
MASTER,チュウマイ,otorii INNOVATED -［i］3-,"1,613",93,14.7,14+,None
MASTER,オンゲキ,AstrøNotes.,"1,544",120,14.7,14+,None
MASTER,VARIETY,End Time,"1,219",129,14.7,14+,None
MASTER,オンゲキ,Singularity - technoplanet,"2,218",302,14.8,14+,None
MASTER,オンゲキ,FLUFFY FLASH,"1,625",145,14.7,14+,None
MASTER,オンゲキ,Falsum Atlantis.,"1,775",149,14.9,14+,第4章ジュエル?個消費
MASTER,オンゲキ,Don’t Fight The Music,"2,459",262,14.9,14+,第4章ジュエル200個消費
MASTER,オンゲキ,Viyella’s Scream,"2,048",200,14.9,14+,None
MASTER,チュウマイ,larva,"1,696",126,14.7,14+,None
MASTER,チュウマイ,QZKago Requiem,"1,260",148,14.8,14+,None
MASTER,オンゲキ,Adverse Gaff,"1,372",41,14.7,14+,None
MASTER,オンゲキ,Cult future,"1,712",149,14.9,14+,None
MASTER,VARIETY,Love ＆ Justice,"2,248",88,14.7,14+,None
LUNATIC,LUNATIC,macrocosmos,"2,870",57,14.9,14+,None
MASTER,チュウマイ,Xevel,"1,847",253,14.7,14+,None
MASTER,チュウマイ,TiamaT：F minor,"2,106",131,14.8,14+,CHUNITHMでプレイして解禁
MASTER,オンゲキ,エータ・ベータ・イータ,"1,956",245,14.7,14+,None
MASTER,VARIETY,Re：End of a Dream,"1,862",130,14.8,14+,None
MASTER,オンゲキ,SUPER AMBULANCE,"2,062",119,14.8,14+,None
MASTER,チュウマイ,Last Celebration,"2,716",69,14.7,14+,None
MASTER,VARIETY,MANIERA REMASTERED,"1,565",242,14.8,14+,None
MASTER,VARIETY,Shamshir -rough Pt.2-,"1,265",126,14.7,14+,None
MASTER,オンゲキ,Diamond Dust,"1,805",123,14.9,14+,None
MASTER,VARIETY,Crimson Phoenix,"1,468",140,14.7,14+,None
MASTER,オンゲキ,Final Flash Flight,None,None,14.8,14+,None
MASTER,VARIETY,FREEDOM DiVE,None,None,14.9,14+,None
MASTER,チュウマイ,Alea jacta est！,None,None,14.7,14+,None
MASTER,VARIETY,神威,"1,874",320,14.3,14,ジュエル60個消費
MASTER,オンゲキ,Everlasting Today,"1,456",38,14.0,14,ジュエル120個消費
MASTER,niconico,初音ミクの激唱,"1,275",139,14.2,14,None
LUNATIC,LUNATIC,初音ミクの激唱,"2,000",139,14.2,14,ジュエル100個消費
MASTER,チュウマイ,7thSense,"1,111",123,14.0,14,ジュエル75個消費
MASTER,チュウマイ,エンドマークに希望と涙を添えて,"1,740",206,14.2,14,ジュエル90個消費
MASTER,オンゲキ,Dazzle hop,"1,244",147,14.0,14,ジュエル120個消費
MASTER,VARIETY,GOODRAGE,"1,241",84,14.0,14,イベントジュエル 30個
MASTER,チュウマイ,怒槌,"1,584",153,14.5,14,ジュエル100個消費
MASTER,チュウマイ,混沌を越えし我らが神聖なる調律主を讃えよ,"1,572",270,14.3,14,ジュエル120個消費
MASTER,オンゲキ,MEGATON BLAST,"1,842",163,14.6,14,ジュエル60個消費
MASTER,オンゲキ,心　,"1,035",255,14.6,14,ジュエル45個消費
LUNATIC,LUNATIC,Calamity Fortune,997,96,14.1,14,None
MASTER,チュウマイ,Garakuta Doll Play,"1,192",90,14.2,14,ジュエル100個消費
MASTER,オンゲキ,Aenbharr,"1,452",119,14.5,14,ジュエル250個消費
MASTER,VARIETY,FREEDOM DiVE （tpz Overcute Remix）,"1,679",95,14.1,14,None
MASTER,オンゲキ,Desperado Waltz,"1,446",76,14.4,14,None
MASTER,オンゲキ,GEOMETRIC DANCE,"1,496",224,14.6,14,None
MASTER,東方Project,Imperishable Night 2006（2016 Refine）,"1,189",64,14.2,14,None
MASTER,チュウマイ,SILENT BLUE,"1,501",168,14.1,14,None
MASTER,チュウマイ,World Vanquisher,"1,892",468,14.6,14,None
MASTER,POPS＆ANIME,ジングルベル,"1,775",255,14.0,14,None
MASTER,オンゲキ,ヒトリボッチサテライト,"1,571",176,14.5,14,第3章ジュエル150個消費
MASTER,チュウマイ,folern,"1,310",74,14.3,14,None
MASTER,オンゲキ,R’N’R Monsta,"1,684",69,14.0,14,None
MASTER,オンゲキ,Galaxy Blaster,"1,843",111,14.3,14,None
MASTER,VARIETY,Air,"1,354",173,14.4,14,None
MASTER,チュウマイ,Genesis,"1,360",141,14.2,14,None
MASTER,チュウマイ,Glorious Crown （tpz over-Over-OVERCUTE REMIX）,"1,435",215,14.5,14,None
LUNATIC,LUNATIC,luna blu,"2,600",303,14.6,14,イベントジュエル?個消費
MASTER,VARIETY,felys -final remix-,"1,561",147,14.1,14,None
MASTER,オンゲキ,PinqPiq（xovevox Remix）,"1,262",50,14.1,14,None
MASTER,オンゲキ,Daydreama,"1,410",204,14.1,14,None
MASTER,オンゲキ,Stargazing Dreamer,"2,058",152,14.3,14,None
MASTER,東方Project,ナイト・オブ・ナイツ（xi Remix）,"1,649",175,14.0,14,None
MASTER,チュウマイ,雷切-RAIKIRI-,"1,461",78,14.4,14,None
MASTER,VARIETY,Sound Chimera,"1,730",33,14.2,14,None
MASTER,チュウマイ,Oshama Scramble！（Cranky Remix）,"1,404",41,14.1,14,None
MASTER,VARIETY,Jack-the-Ripper◆,"1,766",252,14.3,14,None
MASTER,チュウマイ,宛城、炎上！！,"2,594","1,594",14.4,14,None
MASTER,オンゲキ,LiftOff,"1,034",167,14.1,14,None
MASTER,東方Project,Satori ～3rd EyEs （2020 Recall）,"1,360",341,14.2,14,None
MASTER,VARIETY,Singularity - ETIA.,"1,267",124,14.2,14,None
MASTER,VARIETY,Grievous Lady,"1,865",73,14.4,14,None
MASTER,チュウマイ,Climax,"2,506",256,14.5,14,None
MASTER,POPS＆ANIME,カナリア,"1,135",68,14.1,14,None
MASTER,オンゲキ,See The Light,971,63,14.1,14,None
MASTER,オンゲキ,美夜月鏡,"1,685",274,14.4,14,None
MASTER,VARIETY,Altale,"1,266",188,14.2,14,None
MASTER,VARIETY,BBBLOW -rebuild-,"1,352",99,14.0,14,None
MASTER,オンゲキ,Daredevil Glaive,"1,620",211,14.1,14,None
LUNATIC,LUNATIC,回レ！雪月花,"1,507",140,14.0,14,None
LUNATIC,LUNATIC,Fly to the Leaden Sky -O.N.G.E.K.I. MIX-,"2,211",126,14.0,14,None
LUNATIC,LUNATIC,セガNET麻雀MJ -O.N.G.E.K.I. MIX-,"1,586",74,14.1,14,None
MASTER,VARIETY,BATTLE NO.1,"1,692",261,14.6,14,None
MASTER,チュウマイ,シャッキーーン！！,"1,495",315,14.0,14,None
MASTER,niconico,ラクガキスト,"1,813",96,14.6,14,None
MASTER,VARIETY,c.s.q.n.,"1,280",90,14.1,14,None
MASTER,VARIETY,Amphisbaena,"2,035",103,14.4,14,None
MASTER,オンゲキ,ジャンヌ・ダルクの慟哭,"1,431",530,14.3,14,None
MASTER,チュウマイ,Supersonic Generation,"1,189",60,14.1,14,None
MASTER,VARIETY,DRAGONLADY,796,32,14.2,14,None
MASTER,オンゲキ,MAGNETAR GIRL,"1,793",143,14.5,14,None
MASTER,オンゲキ,GODLINESS,"2,365",108,14.0,14,None
MASTER,POPS＆ANIME,あ・り・ま・す・か？,None,None,14.2,14,None
MASTER,VARIETY,ENERGY SYNERGY MATRIX,"1,305",147,14.0,14,None
LUNATIC,LUNATIC,六兆年と一夜物語,"1,349",98,14.1,14,None
LUNATIC,LUNATIC,最終鬼畜全部声,"1,120",210,14.3,14,None
MASTER,オンゲキ,ミラージュ・フレイグランス,"1,683",209,14.5,14,None
MASTER,チュウマイ,TEmPTaTiON,"2,044",141,14.5,14,None
MASTER,VARIETY,竹　,"1,258",311,14.2,14,None
MASTER,オンゲキ,μάγια,"1,690",118,14.6,14,None
MASTER,オンゲキ,RELOAD,"1,372",148,14.6,14,None
MASTER,東方Project,Everything Will Freeze,"1,719",110,14.2,14,None
MASTER,VARIETY,Showguts,"1,188",277,14.4,14,None
MASTER,オンゲキ,B WiZ U,"1,409",173,14.2,14,None
MASTER,VARIETY,2112410403927243233368,"1,369",122,14.3,14,None
MASTER,オンゲキ,Suspiro,"1,272",139,14.0,14,None
MASTER,オンゲキ,霧の書斎,"1,294",124,14.1,14,None
MASTER,東方Project,神々が恋した幻想郷,None,None,14.0,14,None
MASTER,VARIETY,8OROCHI,None,None,14.5,14,None
MASTER,オンゲキ,ICEBURN,None,None,14.0,14,None
MASTER,チュウマイ,Oshama Scramble！,"1,150",54,13.7,13+,ジュエル20個消費
MASTER,チュウマイ,AMAZING MIGHTYYYY！！！！,"1,249",196,13.7,13+,ジュエル45個消費
MASTER,オンゲキ,Ai Nov,"1,073",153,13.9,13+,ジュエル60個消費
MASTER,チュウマイ,閃鋼のブリューナク,"1,359",131,13.9,13+,None
MASTER,niconico,ぼくらの16bit戦争,"1,161",35,13.8,13+,ジュエル45個消費
MASTER,niconico,カミサマネジマキ,"1,382",161,13.7,13+,イベントジュエル 15個
LUNATIC,LUNATIC,ナイト・オブ・ナイツ,526,66,13.9,13+,ジュエル100個
MASTER,niconico,クイーンオブハート,"1,453",56,13.7,13+,None
MASTER,東方Project,Calamity Fortune,"1,474",215,13.7,13+,None
MASTER,niconico,初音ミクの消失,"1,195",208,13.7,13+,None
LUNATIC,LUNATIC,Sakura Fubuki,811,230,13.7,13+,ジュエル100個消費
MASTER,VARIETY,conflict,"1,376",80,13.8,13+,None
MASTER,チュウマイ,The wheel to the right,"1,819",200,13.7,13+,ジュエル100個消費
MASTER,POPS＆ANIME,GO！ GO！ MANIAC,"1,287",155,13.7,13+,None
MASTER,オンゲキ,Touch and Go,"1,532",238,13.7,13+,None
MASTER,オンゲキ,Baqeela,"1,411",141,13.9,13+,None
MASTER,niconico,ギガンティックO.T.N,"1,335",198,13.8,13+,None
MASTER,オンゲキ,Lazy Addiction,"1,250",176,13.7,13+,None
MASTER,東方Project,ウサテイ,777,77,13.7,13+,None
MASTER,オンゲキ,Mini skirt,"1,206",291,13.9,13+,None
MASTER,オンゲキ,HONEY-Q,"1,531",175,13.7,13+,None
MASTER,niconico,裏表ラバーズ,"1,169",158,13.7,13+,2019/11/14 通常配信
LUNATIC,LUNATIC,ジングルベル,"1,225","2,512",13.9,13+,イベントジュエル100個消費
MASTER,オンゲキ,Honey Bear,"1,217",247,13.7,13+,None
MASTER,VARIETY,Duello,"1,259",129,13.8,13+,None
MASTER,東方Project,Doll Judgment,"1,489",96,13.7,13+,None
MASTER,オンゲキ,Sparkle,"1,420",168,13.8,13+,None
MASTER,オンゲキ,Last Kingdom,"1,311",69,13.9,13+,None
MASTER,オンゲキ,Vibes 2k20,"1,436",71,13.9,13+,None
LUNATIC,LUNATIC,どどんぱち大音頭,888,218,13.9,13+,None
MASTER,VARIETY,Dreadnought,"1,525",459,13.8,13+,2020/3/5 通常配信
MASTER,オンゲキ,Ai Drew,"1,492",79,13.9,13+,None
MASTER,オンゲキ,アマツカミ,"1,217",218,13.8,13+,None
MASTER,オンゲキ,Trinity Departure,"1,351",88,13.9,13+,None
MASTER,チュウマイ,Summer is over,"1,315",151,13.8,13+,None
MASTER,VARIETY,Destr0yer,"1,510",118,13.7,13+,None
MASTER,オンゲキ,RED to RED,"1,276",125,13.7,13+,None
MASTER,オンゲキ,Lostwizz,"1,237",128,13.7,13+,None
LUNATIC,LUNATIC,東亞 -O.N.G.E.K.I. MIX-,"2,354",103,13.8,13+,None
MASTER,POPS＆ANIME,この番組はうら若き公務員たちの提供でお送りいたします,"1,034",80,13.7,13+,None
MASTER,東方Project,ナイト・オブ・ナイツ （かめりあ’s“ワンス・アポン・ア・ナイト”Remix）,"1,711",141,13.9,13+,None
MASTER,VARIETY,Reach for the Stars,"1,475",84,13.8,13+,None
LUNATIC,LUNATIC,ハッピータイフーン,"1,374",56,13.9,13+,None
MASTER,オンゲキ,Ruler Count，Zero,"1,311",162,13.9,13+,None
LUNATIC,LUNATIC,ネ！コ！,"1,513",133,13.8,13+,None
MASTER,POPS＆ANIME,藍の華,None,None,13.7,13+,None
MASTER,オンゲキ,最っ高のエンタメだ！！,"1,616",137,13.8,13+,None
MASTER,オンゲキ,A Day in the Patisserie,"1,298",194,13.8,13+,None
MASTER,VARIETY,Singularity - SEGA SOUND STAFF「セガNET麻雀 MJ」,None,None,13.9,13+,None
MASTER,チュウマイ,四月の雨,"1,388",98,13.9,13+,None
MASTER,オンゲキ,colorful transparency,"1,372",56,13.9,13+,None
MASTER,VARIETY,僕たちの旅とエピローグ。,None,None,13.7,13+,None
MASTER,niconico,夜咄ディセイブ,None,None,13.7,13+,None
MASTER,オンゲキ,Pastel Sprinkles,"1,294",193,13.8,13+,None
MASTER,チュウマイ,Secret Sleuth,"1,234",115,13.8,13+,None
MASTER,niconico,撥条少女時計,None,None,13.7,13+,None
MASTER,オンゲキ,MEGATON BLAST（tpz Overcute Remix）,"1,396",99,13.8,13+,None
MASTER,ボーナストラック,Ruler Count，Zero -珠洲島 有栖ソロver.-,None,None,None,13+,None
MASTER,ボーナストラック,Ruler Count，Zero -九條 楓ソロver.-,None,None,None,13+,None
MASTER,ボーナストラック,Ruler Count，Zero -逢坂 茜ソロver.-,None,None,None,13+,None
MASTER,東方Project,Bad Apple！！（Camellia’s “Bad Psy” Remix）,None,None,13.8,13+,None
MASTER,チュウマイ,U ARE,"1,159",246,13.7,13+,None
LUNATIC,LUNATIC,No Limit RED Force,"1,503",67,13.9,13+,None
MASTER,東方Project,LUNA DIAL -Version X-SAKUYA-,None,None,13.8,13+,None
MASTER,VARIETY,CO5M1C R4ILR0AD,None,None,13.8,13+,None
EXPERT,オンゲキ,Apollo,"1,508",180,13.7,13+,None
EXPERT,オンゲキ,LAMIA,"1,464",135,13.7,13+,None
MASTER,VARIETY,ニニ,None,None,13.8,13+,None
MASTER,東方Project,断罪は遍く人間の元に,None,None,13.8,13+,None
MASTER,オンゲキ,ゲーミングポーラーベア,"1,430",263,13.9,13+,None
MASTER,オンゲキ,Elusive Emotes,"1,193",122,13.8,13+,None
MASTER,VARIETY,Dement ~after legend~,"1,648",138,13.8,13+,None
MASTER,POPS＆ANIME,ぶいちゅっばの歌,"1,299",123,13.7,13+,None
LUNATIC,LUNATIC,Hide ＆ Attack,"1,443",54,13.7,13+,None
LUNATIC,LUNATIC,ブリキノダンス,None,None,13.8,13+,None
MASTER,niconico,初音天地開闢神話,"1,470",339,13.9,13+,None
MASTER,オンゲキ,Mizutama-Tripster,"1,122",247,13.7,13+,None
MASTER,チュウマイ,足立オウフwwww,"1,289",118,13.7,13+,None
MASTER,オンゲキ,いつか花咲くその前に,None,None,13.7,13+,None
LUNATIC,LUNATIC,The world of spirit,None,None,13.8,13+,None
MASTER,VARIETY,STARLIGHT TWILIGHT -GC edit-,None,None,13.8,13+,None
MASTER,チュウマイ,CHOCOLATE BOMB！！！！,None,None,13.8,13+,None
MASTER,POPS＆ANIME,せーので跳べって言ってんの！,None,None,13.7,13+,None
MASTER,VARIETY,エピトゥリカの祀,None,None,13.9,13+,None
MASTER,VARIETY,BABYLON,None,None,13.9,13+,None
LUNATIC,LUNATIC,永遠メモリー,None,None,13.7,13+,None
LUNATIC,LUNATIC,Ἀταραξία,None,None,13.7,13+,None
LUNATIC,LUNATIC,うまぴょい伝説,None,None,13.9,13+,None
MASTER,POPS＆ANIME,HEAVEN’S RAVE,None,None,13.7,13+,None
LUNATIC,LUNATIC,YO-KAI Disco,None,None,13.8,13+,None
MASTER,オンゲキ,Knocking Harder,None,None,13.9,13+,None
EXPERT,オンゲキ,Op.I《fear-TITΛN-》,"1,607",496,13.7,13+,None
MASTER,niconico,脳漿炸裂ガール,"1,278",69,13.2,13,ジュエル10個消費
MASTER,VARIETY,Brain Power,999,135,13.4,13,ジュエル15個消費
MASTER,VARIETY,Halcyon,"1,508",131,13.4,13,ジュエル30個消費
MASTER,オンゲキ,Dolphika,"1,386",102,13.4,13,ジュエル45個消費
MASTER,チュウマイ,天火明命,911,107,13.1,13,ジュエル40個消費
MASTER,チュウマイ,Gate of Doom,"1,411",186,13.1,13,ジュエル45個消費
MASTER,オンゲキ,ロッキンピンクモンスター,926,70,13.2,13,ジュエル60個消費
MASTER,オンゲキ,ブツメツビーターズ,"1,153",63,13.3,13,ジュエル60個消費
MASTER,チュウマイ,We Gonna Journey,"1,248",135,13.5,13,ジュエル75個消費
MASTER,チュウマイ,Paqqin,"1,362",56,13.1,13,ジュエル45個消費
MASTER,オンゲキ,Maqrite,"1,435",44,13.6,13,ジュエル90個消費
MASTER,オンゲキ,Sword of Secret,"1,429",130,13.4,13,ジュエル75個消費
MASTER,VARIETY,Äventyr,"1,234",115,13.1,13,ジュエル45個消費
MASTER,東方Project,sweet little sister,964,41,13.0,13,None
MASTER,東方Project,Destiny Runner,"1,241",75,13.6,13,None
MASTER,東方Project,最終鬼畜妹フランドール・Ｓ,"1,440",153,13.5,13,None
MASTER,チュウマイ,今ぞ♡崇め奉れ☆オマエらよ！！～姫の秘メタル渇望～,"1,365",215,13.2,13,ジュエル60個消費
MASTER,チュウマイ,Kattobi KEIKYU Rider,"1,384",60,13.3,13,ジュエル75個消費
MASTER,niconico,幸せになれる隠しコマンドがあるらしい,"1,333",109,13.0,13,イベントジュエル 30個
EXPERT,チュウマイ,混沌を越えし我らが神聖なる調律主を讃えよ,"1,220",271,13.0,13,None
EXPERT,オンゲキ,Opfer,"1,103",235,13.6,13,None
EXPERT,オンゲキ,Titania,"1,099",141,13.2,13,None
MASTER,チュウマイ,ロボットプラネットユートピア,"1,409",131,13.4,13,イベントジュエル 30個
MASTER,オンゲキ,TAKE ON THE WORLD,"1,256",104,13.3,13,ジュエル20個消費
MASTER,オンゲキ,TeA,944,148,13.0,13,ジュエル20個消費
MASTER,オンゲキ,fulgente,"1,045",90,13.4,13,ジュエル20個消費
MASTER,オンゲキ,本能的 Survivor,"1,273",33,13.0,13,ジュエル15個消費
EXPERT,オンゲキ,MEGATON BLAST,"1,124",108,13.0,13,None
MASTER,niconico,アンハッピーリフレイン,953,136,13.0,13,None
MASTER,niconico,DAYBREAK FRONTLINE,820,158,13.1,13,None
MASTER,オンゲキ,Death Doll,"1,271",115,13.5,13,ジュエル45個消費
MASTER,オンゲキ,Chelly spLash♪♪,"1,294",166,13.4,13,ジュエル45個消費
MASTER,オンゲキ,オンゲキ全域★アカネサマ？,"1,526",401,13.3,13,None
MASTER,VARIETY,アリサのテーマ,893,85,13.6,13,None
MASTER,オンゲキ,BOUNCE ＆ DANCE,"1,187",135,13.3,13,ジュエル45個消費
MASTER,東方Project,エピクロスの虹はもう見えない,"1,367",57,13.4,13,ジュエル100個消費
MASTER,東方Project,妖狐仙楽踏,"1,248",92,13.5,13,None
MASTER,東方Project,Scream out！ -音華鏡 Re：BREAK-,"1,192",156,13.4,13,None
MASTER,オンゲキ,UTAKATA,"1,062",133,13.1,13,ジュエル20個消費
EXPERT,オンゲキ,Viyella’s Tears,"1,718",287,13.2,13,ジュエル200個消費
EXPERT,チュウマイ,Garakuta Doll Play,800,129,13.0,13,ジュエル100個消費
EXPERT,オンゲキ,ω4,"1,999",160,13.0,13,ジュエル300個消費
MASTER,東方Project,チルノのパーフェクトさんすう教室,879,69,13.3,13,イベントジュエル9個消費
MASTER,niconico,ドーナツホール,820,55,13.2,13,2019/8/8通常配信
MASTER,niconico,人生リセットボタン,"1,221",175,13.3,13,2019/8/8通常配信
MASTER,オンゲキ,まっすぐ→→→ストリーム！,"1,514",354,13.0,13,None
LUNATIC,LUNATIC,からくりピエロ,"1,004",228,13.2,13,ジュエル10個消費
MASTER,東方Project,サドマミホリック,"1,375",74,13.5,13,None
MASTER,東方Project,患部で止まってすぐ溶ける～狂気の優曇華院,"1,195",168,13.4,13,None
MASTER,東方Project,全力ハッピーライフ,"1,738",122,13.4,13,None
MASTER,東方Project,銀のめぐり,"1,307",135,13.6,13,None
MASTER,オンゲキ,MAKING！ハイタッチ！,"1,115",85,13.0,13,2019/9/26 通常配信
MASTER,niconico,インビジブル,"1,033",44,13.6,13,2019/9/26 通常配信
MASTER,POPS＆ANIME,青春サイダー,"1,299",41,13.1,13,None
MASTER,POPS＆ANIME,Petit Etoile,"1,371",246,13.5,13,None
MASTER,東方Project,ナイト・オブ・ナイツ（Cranky Remix）,"1,393",105,13.6,13,2019/10/17 通常配信
MASTER,オンゲキ,感情アクセラレイション,"1,300",126,13.0,13,None
EXPERT,オンゲキ,A Man In The Mirror,"1,098",285,13.6,13,None
MASTER,niconico,デリヘル呼んだら君が来た,"1,300",92,13.1,13,2019/11/7 通常配信
MASTER,niconico,フィクサー,"1,144",84,13.0,13,2019/11/28 通常配信
MASTER,niconico,こどものしくみ,"1,172",73,13.1,13,2019/11/28 通常配信
MASTER,niconico,トーキョーゲットー,606,69,13.2,13,2019/11/28 通常配信
MASTER,オンゲキ,Heart Cooking Recipe,"1,152",84,13.2,13,None
MASTER,チュウマイ,Change Our MIRAI！ （Our 7 Lights）,"1,526",140,13.0,13,None
MASTER,チュウマイ,ライトスピード・デイズ,"1,373",250,13.5,13,None
MASTER,niconico,セツナトリップ,"1,310",131,13.2,13,2020/1/9 通常配信
MASTER,niconico,地球最後の告白を,"1,532",218,13.3,13,2020/1/23 通常配信
MASTER,オンゲキ,Radiance,"1,186",120,13.6,13,None
MASTER,東方Project,しゅわスパ大作戦☆,"1,104",94,13.2,13,None
MASTER,チュウマイ,BOKUTO,"1,731",203,13.6,13,2020/2/13 通常配信
MASTER,東方Project,疾走あんさんぶる,"1,616",215,13.6,13,None
MASTER,POPS＆ANIME,Catch the Moment,960,58,13.0,13,2020/2/20 通常配信
MASTER,niconico,ドラマツルギー,"1,147",42,13.3,13,2020/2/20 通常配信
MASTER,niconico,Seyana. ～何でも言うことを聞いてくれるアカネチャン～,"1,000",206,13.1,13,2020/2/27 通常配信
MASTER,POPS＆ANIME,INDETERMINATE UNIVERSE,902,206,13.0,13,2020/3/12 通常配信
MASTER,オンゲキ,撩乱乙女†無双劇,"1,511",33,13.3,13,None
MASTER,東方Project,物凄い狂っとるフランちゃんが物凄いうた,951,200,13.4,13,None
MASTER,オンゲキ,ぱくぱく☆がーる,"1,089",589,13.0,13,None
MASTER,オンゲキ,DAWNBREAKER,"1,219",92,13.6,13,None
MASTER,POPS＆ANIME,Stage of Star,"1,386",158,13.3,13,None
MASTER,POPS＆ANIME,Nameless Story,"1,475",155,13.0,13,None
MASTER,niconico,アンノウン・マザーグース,"1,068",58,13.5,13,None
MASTER,チュウマイ,超常マイマイン,"1,525",332,13.2,13,None
LUNATIC,LUNATIC,最強 the サマータイム！！！！！,"1,705",138,13.6,13,第3章ジュエル2個消費
MASTER,niconico,深海のリトルクライ feat. 土岐麻子,"1,172",91,13.5,13,None
MASTER,VARIETY,花たちに希望を,"1,404",243,13.5,13,None
MASTER,VARIETY,ベースラインやってる？笑,"1,103",57,13.4,13,None
EXPERT,VARIETY,End Time,757,139,13.2,13,None
MASTER,オンゲキ,Iudicium “Apocalypsis Mix”,"1,062",37,13.2,13,None
MASTER,niconico,ナンセンス文学,"1,130",47,13.3,13,None
MASTER,POPS＆ANIME,100％ちゅ～学生,"1,489",129,13.2,13,None
MASTER,POPS＆ANIME,ヒトガタ,"1,245",180,13.4,13,None
EXPERT,オンゲキ,Singularity - technoplanet,"1,011",100,13.5,13,None
EXPERT,オンゲキ,脳天直撃,"1,353",235,13.4,13,None
MASTER,POPS＆ANIME,スパッと！スパイ＆スパイス,"1,182",74,13.5,13,None
MASTER,オンゲキ,Jörqer,"1,316",65,13.6,13,None
MASTER,オンゲキ,Glitter-Glitter,878,175,13.0,13,None
MASTER,オンゲキ,ウキウキ☆Candy！,"1,107",119,13.1,13,None
MASTER,オンゲキ,All Right！,"1,020",169,13.6,13,None
EXPERT,オンゲキ,Stargazing Dreamer,"1,267",200,13.4,13,None
MASTER,POPS＆ANIME,Phantom Joke,"1,573",72,13.5,13,None
MASTER,niconico,テオ,"1,446",135,13.0,13,None
MASTER,POPS＆ANIME,よいまちカンターレ,"1,300",144,13.3,13,None
MASTER,POPS＆ANIME,ガヴリールドロップキック,"1,057",66,13.2,13,None
MASTER,オンゲキ,反撃！ 突撃！ Back To Back！,"1,489",89,13.2,13,None
MASTER,チュウマイ,ツクヨミステップ,"1,207",120,13.5,13,None
MASTER,niconico,イカサマライフゲイム,"1,422",241,13.6,13,None
EXPERT,オンゲキ,FLUFFY FLASH,"1,256",86,13.1,13,None
MASTER,東方Project,Paranoia,950,120,13.4,13,None
MASTER,VARIETY,迷える音色は恋の唄,"1,147",23,13.6,13,None
MASTER,VARIETY,Burning Steel Inferno,None,None,13.5,13,Wonderland Wars連動イベント
MASTER,オンゲキ,YAMINABE☆PANIC ～ご馳走詰め込みフルコース～,"1,343",100,13.3,13,None
EXPERT,オンゲキ,Falsum Atlantis.,"1,436",245,13.3,13,第4章ジュエル?個消費
EXPERT,オンゲキ,Don’t Fight The Music,"1,289",242,13.4,13,第4章ジュエル?個消費
MASTER,POPS＆ANIME,STORIA,"1,402",117,13.1,13,None
MASTER,東方Project,天狗の落とし文 feat. ｙｔｒ,"1,385",103,13.5,13,None
MASTER,オンゲキ,fulgente （flip-side color mix）,"1,753",56,13.5,13,None
MASTER,niconico,吉原ラメント,"1,178",100,13.1,13,None
MASTER,niconico,スクランブル交際,974,173,13.0,13,None
MASTER,オンゲキ,Say Goodbye,"1,190",189,13.6,13,None
EXPERT,オンゲキ,美夜月鏡,None,None,13.0,13,None
MASTER,東方Project,Bad Apple！！ feat.nomico （豚乙女 Ver.）,None,None,13.6,13,None
EXPERT,オンゲキ,Viyella’s Scream,None,None,13.2,13,None
MASTER,VARIETY,サクライロフワリ,None,None,13.0,13,None
MASTER,POPS＆ANIME,Realize,None,None,13.2,13,None
MASTER,niconico,ワールズエンド・ダンスホール,None,None,13.3,13,None
MASTER,東方Project,ロストワードクロニカル,None,None,13.5,13,None
EXPERT,チュウマイ,QZKago Requiem,None,None,13.0,13,None
MASTER,オンゲキ,Random Access Emotions,"1,414",80,13.6,13,None
EXPERT,VARIETY,BATTLE NO.1,None,None,13.3,13,None
MASTER,POPS＆ANIME,Virtual to LIVE,None,None,13.1,13,None
MASTER,niconico,ボッカデラベリタ,None,None,13.4,13,None
MASTER,オンゲキ,無敵のフロンティア三銃士,"1,407",151,13.2,13,None
MASTER,POPS＆ANIME,Ahoy！！ 我ら宝鐘海賊団☆,None,None,13.3,13,None
MASTER,niconico,ラストリゾート,None,None,13.2,13,None
MASTER,オンゲキ,give it up to you,"1,155",60,13.1,13,None
EXPERT,オンゲキ,Cult future,"1,241",91,13.4,13,None
MASTER,niconico,バイオレンストリガー,None,None,13.3,13,None
MASTER,VARIETY,Once in my life,None,None,13.6,13,None
MASTER,オンゲキ,シンデレラディスコ,"1,578",89,13.2,13,None
EXPERT,オンゲキ,ジャンヌ・ダルクの慟哭,None,None,13.1,13,None
MASTER,チュウマイ,STAR,"1,300",195,13.4,13,None
MASTER,niconico,アカリがやってきたぞっ,None,None,13.0,13,None
MASTER,niconico,幾望の月,None,None,13.5,13,None
MASTER,オンゲキ,おやすみのうた,"1,123",175,13.4,13,None
LUNATIC,LUNATIC,グリーンライツ・セレナーデ,"2,018",39,13.4,13,None
EXPERT,チュウマイ,TiamaT：F minor,None,None,13.1,13,CHUNITHMでプレイして解禁
MASTER,niconico,ネクストネスト,None,None,13.0,13,None
MASTER,東方Project,悪戯センセーション,None,None,13.4,13,None
MASTER,POPS＆ANIME,Paradisus-Paradoxum,"2,631",223,13.1,13,None
MASTER,オンゲキ,My precious holiday,958,100,13.3,13,None
MASTER,niconico,輪廻転生,None,None,13.6,13,None
MASTER,東方Project,ケロ⑨destiny,None,None,13.1,13,None
MASTER,東方Project,風に乗せた願い,None,None,13.4,13,None
MASTER,VARIETY,カラッポ・ノンフィクション,None,None,13.1,13,None
MASTER,POPS＆ANIME,NEXT COLOR PLANET,None,None,13.2,13,None
MASTER,POPS＆ANIME,春を告げる,None,None,13.5,13,None
MASTER,niconico,ダーリンダンス,None,None,13.4,13,None
MASTER,niconico,ジャンキーナイトタウンオーケストラ,"1,325",183,13.6,13,None
MASTER,オンゲキ,花時は夢を見る。,"1,142",127,13.1,13,None
MASTER,VARIETY,Psalms ～魂の還るばしょ～,None,None,13.0,13,None
MASTER,VARIETY,Cutter,None,None,13.6,13,None
MASTER,POPS＆ANIME,ハッピーエンドをはじめから,"1,254",135,13.3,13,None
MASTER,オンゲキ,Catch Me If You Can,None,None,13.5,13,None
MASTER,オンゲキ,Skip ＆ Smile！！,None,None,13.4,13,None
MASTER,チュウマイ,福宿音屋魂音泉,"1,225",111,13.4,13,None
MASTER,niconico,電脳少女は歌姫の夢を見るか？,None,None,13.3,13,2021/12/2 通常配信
MASTER,ボーナストラック,無敵のフロンティア三銃士 -三角 葵ソロver.-,None,None,None,13,None
MASTER,ボーナストラック,無敵のフロンティア三銃士 -日向 千夏ソロver.-,None,None,None,13,None
MASTER,ボーナストラック,無敵のフロンティア三銃士 -九條 楓ソロver.-,None,None,None,13,None
EXPERT,VARIETY,MANIERA REMASTERED,None,None,13.5,13,None
MASTER,東方Project,お空のニュークリアフュージョン道場,"1,868",142,13.3,13,None
EXPERT,VARIETY,Shamshir -rough Pt.2-,None,None,13.0,13,None
MASTER,VARIETY,rePrayer,None,None,13.4,13,None
MASTER,VARIETY,Party 4U ”holy nite mix”,None,None,13.3,13,None
MASTER,オンゲキ,天つ風,None,None,13.1,13,None
MASTER,POPS＆ANIME,はっぴぃ にゅう にゃあ,None,None,13.6,13,None
MASTER,ボーナストラック,Heart Cooking Recipe -藤沢 柚子ソロver.-,None,None,None,13,None
MASTER,ボーナストラック,Heart Cooking Recipe -井之原 小星ソロver.-,None,None,None,13,None
MASTER,ボーナストラック,Heart Cooking Recipe -九條 楓ソロver.-,None,None,None,13,None
MASTER,niconico,Ready Steady,None,None,13.0,13,None
EXPERT,オンゲキ,Diamond Dust,None,None,13.6,13,None
MASTER,オンゲキ,I got a gig tonight！,None,None,13.5,13,None
MASTER,niconico,ワーワーワールド,None,None,13.3,13,None
EXPERT,VARIETY,Crimson Phoenix,None,None,13.0,13,None
MASTER,niconico,腐れ外道とチョコレゐト,None,None,13.4,13,None
MASTER,ボーナストラック,give it up to you -早乙女 彩華ソロver.-,None,None,None,13,None
MASTER,ボーナストラック,give it up to you -桜井 春菜ソロver.-,None,None,None,13,None
EXPERT,オンゲキ,Magical Panic Adventure,None,None,13.5,13,None
MASTER,VARIETY,Velaciela （Hyper Mix）,None,None,13.4,13,None
MASTER,POPS＆ANIME,サンダーライン,None,None,13.1,13,None
MASTER,POPS＆ANIME,Let Me Know （feat. Masayoshi Iimori）,None,None,13.3,13,None
MASTER,オンゲキ,Butterfly Wave,None,None,13.6,13,None
MASTER,オンゲキ,Island Breeze,None,None,13.3,13,None
MASTER,VARIETY,The Formula,894,115,12.7,12+,ジュエル20個消費
MASTER,チュウマイ,Hyper Active,"1,021",143,12.8,12+,ジュエル5個消費
MASTER,オンゲキ,P！P！P！P！がおー！！,"1,092",140,12.9,12+,None
MASTER,チュウマイ,Cyberozar,"1,042",126,12.9,12+,ジュエル30個消費
MASTER,niconico,鬼KYOKAN,"1,174",147,12.9,12+,ジュエル45個消費
MASTER,オンゲキ,SWEET SHAKE！！,"1,222",38,12.8,12+,None
MASTER,オンゲキ,What color...,904,87,12.9,12+,None
EXPERT,オンゲキ,Everlasting Today,788,96,12.7,12+,None
MASTER,東方Project,Bad Apple！！ feat．nomico,870,44,12.7,12+,通常配信
MASTER,東方Project,ナイト・オブ・ナイツ,985,42,12.8,12+,通常配信
MASTER,東方Project,幻想のサテライト,"1,024",94,12.9,12+,イベントジュエル30個
MASTER,オンゲキ,GAME IS LIFE,"1,204",147,12.9,12+,None
MASTER,チュウマイ,oboro,971,99,12.9,12+,ジュエル75個消費
MASTER,東方Project,Energy Booster ～ 上海紅茶館,"1,038",104,12.7,12+,None
MASTER,東方Project,四次元跳躍機関,810,121,12.7,12+,None
MASTER,東方Project,れみりあ☆デスティニー,"1,518",70,12.7,12+,None
MASTER,niconico,チュルリラ・チュルリラ・ダッダッダ！,"1,531",84,12.8,12+,イベントジュエル 30個
MASTER,チュウマイ,Dragoon,929,102,12.8,12+,イベントジュエル 30個
EXPERT,チュウマイ,怒槌,"1,251",240,12.9,12+,None
MASTER,チュウマイ,時の冒険者,"1,380",113,12.9,12+,イベントジュエル 30個
MASTER,niconico,ロキ,"1,242",84,12.8,12+,None
MASTER,niconico,星屑ユートピア,"1,145",184,12.9,12+,None
MASTER,niconico,からくりピエロ,"1,266",17,12.8,12+,None
MASTER,オンゲキ,Kiss Me Kiss,890,49,12.7,12+,ジュエル20個消費
MASTER,東方Project,Necro Fantasia,"1,065",106,12.9,12+,None
MASTER,オンゲキ,Rule the World！！,"1,284",59,12.7,12+,ジュエル20個消費
LUNATIC,LUNATIC,STARTLINER,"1,232",68,12.8,12+,ジュエル1個消費
MASTER,チュウマイ,光線チューニング,"1,224",271,12.8,12+,2019/8/8通常配信
MASTER,POPS＆ANIME,ADAMAS,"1,339",72,12.9,12+,None
MASTER,niconico,ダンスロボットダンス,"1,330",98,12.7,12+,None
MASTER,POPS＆ANIME,Preserved Roses,"1,139",45,12.8,12+,None
MASTER,POPS＆ANIME,The Everlasting Guilty Crown,"1,224",78,12.7,12+,None
EXPERT,オンゲキ,Desperado Waltz,975,192,12.7,12+,None
MASTER,POPS＆ANIME,Hello，Morning,900,100,12.7,12+,None
MASTER,POPS＆ANIME,人類みなセンパイ！,"1,200",176,12.8,12+,2019/9/12通常配信
MASTER,POPS＆ANIME,透明声彩,856,134,12.7,12+,2019/9/12通常配信
MASTER,東方Project,Help me，ERINNNNNN！！,"1,085",137,12.7,12+,None
MASTER,niconico,彗星ハネムーン,964,28,12.7,12+,2019/10/10 通常配信
MASTER,POPS＆ANIME,Girls Talk！！,850,92,12.8,12+,None
MASTER,オンゲキ,Let’s Starry Party！,"1,472",333,12.8,12+,None
MASTER,niconico,白い雪のプリンセスは,"1,211",73,12.7,12+,None
MASTER,チュウマイ,猫祭り,"1,115",252,12.8,12+,None
MASTER,niconico,愛言葉Ⅲ,"1,151",127,12.7,12+,None
MASTER,niconico,ECHO,"1,131",85,12.8,12+,2020/1/9 通常配信
EXPERT,オンゲキ,Good bye，Merry-Go-Round.,"1,041",122,12.8,12+,第3章ジュエル200個消費
MASTER,POPS＆ANIME,INSIDE IDENTITY,"1,419",69,12.8,12+,None
MASTER,POPS＆ANIME,Crow Song,"1,563",203,12.7,12+,None
MASTER,niconico,shake it！,786,44,12.7,12+,2020/2/13 通常配信
MASTER,オンゲキ,Splash Dance！！,"1,463",129,12.9,12+,None
EXPERT,オンゲキ,Vibes 2k20,"1,018",120,12.7,12+,None
MASTER,POPS＆ANIME,ピースサイン,705,47,12.8,12+,2020/2/20 通常配信
MASTER,POPS＆ANIME,お願いマッスル,"1,212",73,12.9,12+,2020/2/20 通常配信
MASTER,niconico,アンドロイドガール,"1,263",98,12.8,12+,2020/3/12 通常配信
MASTER,niconico,チェチェ・チェック・ワンツー！,"1,003",117,12.7,12+,2020/3/19 通常配信
MASTER,POPS＆ANIME,Deep-Connect,"1,572",155,12.7,12+,None
MASTER,POPS＆ANIME,Purple Rays,"1,319",125,12.7,12+,None
MASTER,niconico,Catch the Wave,"1,044",67,12.7,12+,None
MASTER,チュウマイ,でらっくmaimai♪てんてこまい！,"1,303",205,12.9,12+,None
MASTER,niconico,スイートマジック,825,167,12.8,12+,None
MASTER,オンゲキ,絆はずっとGrowing Up！！！,"1,681",195,12.7,12+,None
MASTER,東方Project,ルナティックレッドアイズ,"1,500",150,12.9,12+,None
EXPERT,チュウマイ,Glorious Crown （tpz over-Over-OVERCUTE REMIX）,"1,069",290,12.9,12+,None
MASTER,オンゲキ,スン（マイル）フラワー～Sun（Mile）Flower,"1,164",200,12.7,12+,None
MASTER,POPS＆ANIME,ゆるゆり、てんやわんや☆,"1,431",191,12.8,12+,None
MASTER,オンゲキ,No Limit RED Force,"1,209",144,12.7,12+,None
MASTER,POPS＆ANIME,ふわふわ時間（タイム）,"1,262",100,12.7,12+,None
MASTER,POPS＆ANIME,侵略ノススメ☆,"1,336",155,12.8,12+,None
MASTER,niconico,だれかの心臓になれたなら,996,125,12.9,12+,None
MASTER,niconico,ベノム,951,148,12.8,12+,None
EXPERT,チュウマイ,雷切-RAIKIRI-,946,161,12.7,12+,None
EXPERT,VARIETY,Sound Chimera,933,265,12.8,12+,None
MASTER,niconico,絶対にチョコミントを食べるアオイチャン,"1,221",167,12.7,12+,None
MASTER,チュウマイ,ヤミツキ,"1,387",138,12.9,12+,None
MASTER,オンゲキ,Over Voltage,"1,323",192,12.8,12+,None
MASTER,ボーナストラック,Let’s Starry Party！ -高瀬 梨緒ソロver.-,None,None,None,12+,None
MASTER,ボーナストラック,Let’s Starry Party！ -結城 莉玖ソロver.-,None,None,None,12+,None
MASTER,ボーナストラック,Let’s Starry Party！ -藍原 椿ソロver.-,None,None,None,12+,None
MASTER,東方Project,聖少女サクリファイス,None,None,12.8,12+,None
MASTER,niconico,ツギハギスタッカート,None,None,12.7,12+,None
MASTER,東方Project,明星ロケット,"1,023",100,12.8,12+,None
MASTER,ボーナストラック,Kiss Me Kiss -桜井 春菜ソロver.-,890,49,12.7,12+,None
MASTER,ボーナストラック,Kiss Me Kiss -早乙女 彩華ソロver.-,890,49,12.7,12+,None
MASTER,niconico,命に嫌われている,None,None,12.7,12+,None
MASTER,POPS＆ANIME,だから僕は音楽を辞めた,None,None,12.9,12+,None
MASTER,POPS＆ANIME,ワタシConnect＊,None,None,12.9,12+,None
EXPERT,チュウマイ,larva,None,None,12.7,12+,None
MASTER,POPS＆ANIME,LINK,None,None,12.8,12+,None
MASTER,POPS＆ANIME,JOINT,None,None,12.8,12+,None
MASTER,niconico,心予報,None,None,12.8,12+,None
MASTER,オンゲキ,STARRED HEART,"1,305",63,12.8,12+,None
MASTER,POPS＆ANIME,Daydream café,None,None,12.8,12+,None
MASTER,niconico,あの世行きのバスに乗ってさらば。,None,None,12.9,12+,None
MASTER,東方Project,シアワセうさぎ・ぺこみこマリン（兎田ぺこら、さくらみこ、宝鐘マリン）,None,None,12.8,12+,None
MASTER,niconico,雨とペトラ,None,None,12.8,12+,None
MASTER,niconico,猫猫的宇宙論,None,None,12.7,12+,None
MASTER,niconico,ネガティブ進化論,None,None,12.9,12+,None
MASTER,POPS＆ANIME,告白バンジージャンプ,None,None,12.8,12+,None
EXPERT,オンゲキ,MEGATON BLAST（tpz Overcute Remix）,None,None,12.7,12+,None
MASTER,niconico,とても素敵な六月でした,None,None,12.9,12+,None
MASTER,オンゲキ,レーイレーイ ～超絶最強アメちゃん Mix～,"1,363",69,12.9,12+,None
MASTER,チュウマイ,Rendezvous,"1,398",78,12.8,12+,None
EXPERT,オンゲキ,MAGNETAR GIRL,None,None,12.7,12+,None
MASTER,ボーナストラック,Splash Dance！！ -星咲 あかりソロver.-,"1,463",129,None,12+,None
MASTER,ボーナストラック,Splash Dance！！ -高瀬 梨緒ソロver.-,"1,463",129,None,12+,None
MASTER,ボーナストラック,Splash Dance！！ -桜井 春菜ソロver.-,"1,463",129,None,12+,None
MASTER,ボーナストラック,Splash Dance！！ -井之原 小星ソロver.-,"1,463",129,None,12+,None
MASTER,ボーナストラック,Splash Dance！！ -日向 千夏ソロver.-,"1,463",129,None,12+,None
MASTER,東方Project,Weekend Clock,None,None,12.7,12+,None
EXPERT,オンゲキ,エータ・ベータ・イータ,None,None,12.9,12+,None
MASTER,チュウマイ,その群青が愛しかったようだった,"1,417",25,12.7,12+,None
EXPERT,VARIETY,Re：End of a Dream,None,None,12.9,12+,None
MASTER,POPS＆ANIME,おはようジャポニカ,None,None,12.8,12+,None
MASTER,東方Project,蛙石,None,None,12.9,12+,None
MASTER,VARIETY,Burning Hearts ～炎のANGEL～,None,None,12.7,12+,None
MASTER,ボーナストラック,No Limit RED Force -星咲 あかりソロver.-,None,None,None,12+,None
MASTER,ボーナストラック,No Limit RED Force -藍原 椿ソロver.-,None,None,None,12+,None
MASTER,ボーナストラック,No Limit RED Force -柏木 美亜ソロver.-,None,None,None,12+,None
MASTER,ボーナストラック,No Limit RED Force -柏木 咲姫ソロver.-,None,None,None,12+,None
MASTER,ボーナストラック,No Limit RED Force -早乙女 彩華ソロver.-,None,None,None,12+,None
MASTER,POPS＆ANIME,花ハ踊レヤいろはにほ,None,None,12.9,12+,None
MASTER,POPS＆ANIME,よんでミラクるん！,None,None,12.9,12+,None
MASTER,オンゲキ,Transcend Lights,"1,399",192,12.7,12+,None
EXPERT,オンゲキ,SUPER AMBULANCE,None,None,12.9,12+,None
EXPERT,オンゲキ,ミラージュ・フレイグランス,"1,241",207,12.8,12+,None
MASTER,POPS＆ANIME,うっせぇわ,None,None,12.7,12+,None
MASTER,niconico,KING,None,None,12.7,12+,None
MASTER,POPS＆ANIME,アマカミサマ,"1,137",159,12.7,12+,None
MASTER,niconico,39みゅーじっく！,"1,205",158,12.9,12+,None
MASTER,オンゲキ,ぽかぽか温泉音頭,"1,321",85,12.7,12+,None
MASTER,niconico,泥の分際で私だけの大切を奪おうだなんて,None,None,12.8,12+,2021/12/2 通常配信
MASTER,niconico,永遠にゲームで対戦したいキリタン,None,None,12.9,12+,2021/12/2 通常配信
MASTER,POPS＆ANIME,シャノワール,None,None,12.7,12+,None
EXPERT,東方Project,Everything Will Freeze,None,None,12.9,12+,None
MASTER,niconico,悔やむと書いてミライ,None,None,12.9,12+,None
MASTER,POPS＆ANIME,私たち、四季を遊ぶんです！！,None,None,12.9,12+,None
MASTER,POPS＆ANIME,Like the Sun， Like the Moon,None,None,12.9,12+,None
MASTER,POPS＆ANIME,リテラチュア,None,None,12.7,12+,None
MASTER,POPS＆ANIME,金木犀 feat.Ado,None,None,12.7,12+,None
MASTER,POPS＆ANIME,ヒステリックナイトガール,None,None,12.9,12+,None
MASTER,東方Project,回転 feat.あやぽんず＊,None,None,12.7,12+,None
EXPERT,VARIETY,FREEDOM DiVE,None,None,12.9,12+,None
EXPERT,オンゲキ,Final Flash Flight,None,None,12.8,12+,None
MASTER,オンゲキ,Zest of Blue,881,77,12.0,12,None
MASTER,チュウマイ,心象蜃気楼,"1,219",82,12.2,12,ジュエル10個消費
MASTER,オンゲキ,Here We Go,"1,312",133,12.6,12,None
MASTER,チュウマイ,Mare Maris,886,85,12.5,12,None
MASTER,niconico,六兆年と一夜物語,"1,050",117,12.3,12,ジュエル40個消費
MASTER,VARIETY,オモイヨシノ,974,27,12.0,12,ジュエル25個消費
MASTER,niconico,キミノヨゾラ哨戒班,959,79,12.5,12,ジュエル30個消費
MASTER,niconico,木彫り鯰と右肩ゾンビ,"1,119",94,12.2,12,ジュエル30個消費
EXPERT,VARIETY,神威,"1,010",225,12.4,12,None
MASTER,niconico,ヒビカセ,"1,159",39,12.1,12,None
MASTER,niconico,グリーンライツ・セレナーデ,"1,295",139,12.3,12,None
MASTER,東方Project,Grip ＆ Break Down！！,922,121,12.0,12,イベントジュエル15個
MASTER,オンゲキ,GranFatalité,"1,140",67,12.5,12,None
MASTER,東方Project,アクアテラリウム,833,60,12.6,12,None
MASTER,niconico,砂の惑星 feat. HATSUNE MIKU,897,60,12.3,12,None
MASTER,niconico,ゴーストルール,"1,127",36,12.2,12,None
EXPERT,オンゲキ,Dazzle hop,799,70,12.3,12,ジュエル120個消費
EXPERT,オンゲキ,YURUSHITE,926,113,12.3,12,ジュエル150個消費
MASTER,niconico,いーあるふぁんくらぶ,"1,034",93,12.0,12,イベントジュエル 15個
MASTER,東方Project,月に叢雲華に風,869,96,12.2,12,None
MASTER,POPS＆ANIME,HARMONIZE,"1,255",112,12.3,12,None
MASTER,チュウマイ,こころここから,"1,417",91,12.6,12,イベントジュエル 30個
MASTER,オンゲキ,Jump！！ Jump！！ Jump！！,"1,299",238,12.6,12,ジュエル3個消費
MASTER,niconico,ヒバナ,"1,307",143,12.5,12,None
EXPERT,東方Project,Calamity Fortune,879,150,12.0,12,None
MASTER,niconico,炉心融解,"1,117",111,12.2,12,None
MASTER,niconico,Tell Your World,"1,261",139,12.0,12,None
MASTER,niconico,＊ハロー、プラネット。,855,73,12.2,12,None
MASTER,POPS＆ANIME,Connecting Happy！！,"1,046",145,12.3,12,None
MASTER,niconico,シャルル,654,60,12.0,12,None
MASTER,POPS＆ANIME,ネ！コ！,"1,237",177,12.4,12,None
MASTER,オンゲキ,めんどーい！やっほーい！ともだち！,"1,296",380,12.6,12,ジュエル20個消費
MASTER,東方Project,進捗どうですか？,"1,284",107,12.3,12,None
MASTER,東方Project,東方妖々夢 ～the maximum moving about～,"1,460",76,12.5,12,None
MASTER,東方Project,寒想桜,886,89,12.1,12,None
MASTER,東方Project,Colors,698,199,12.1,12,None
MASTER,東方Project,櫻結び,781,162,12.3,12,None
MASTER,東方Project,Melody！,"1,264",99,12.6,12,None
MASTER,オンゲキ,どうぶつ☆パラダイス,"1,345",108,12.1,12,ジュエル20個消費
MASTER,オンゲキ,Y.Y.Y.計画！！！！,"1,482",154,12.3,12,ジュエル60個消費
MASTER,niconico,39　,839,139,12.3,12,None
MASTER,niconico,メルト,"1,279",68,12.0,12,None
MASTER,オンゲキ,Starring Stars,"1,309",207,12.5,12,ジュエル20個消費
EXPERT,チュウマイ,The wheel to the right,"1,248",118,12.2,12,ジュエル100個消費
EXPERT,オンゲキ,Aenbharr,"1,229",231,12.6,12,ジュエル250個消費
MASTER,niconico,妄想感傷代償連盟,"1,226",162,12.2,12,2019/8/8通常配信
MASTER,オンゲキ,最強 the サマータイム！！！！！,"1,286",60,12.4,12,None
MASTER,POPS＆ANIME,徒花ネクロマンシー,"1,601",212,12.3,12,None
MASTER,オンゲキ,トリドリ⇒モリモリ！Lovely fruits☆,"1,026",120,12.5,12,None
MASTER,オンゲキ,夜明けのストリング,754,51,12.4,12,None
MASTER,niconico,快晴,"1,178",176,12.3,12,None
MASTER,niconico,サマータイムレコード,929,91,12.4,12,None
MASTER,POPS＆ANIME,Doll’s Destiny,"1,464",202,12.6,12,None
MASTER,POPS＆ANIME,Star Divine,"1,048",173,12.4,12,None
MASTER,niconico,METEOR,"1,001",139,12.4,12,None
MASTER,POPS＆ANIME,永遠メモリー,"1,117",112,12.3,12,None
MASTER,東方Project,レプリカの恋,956,144,12.2,12,None
EXPERT,オンゲキ,GEOMETRIC DANCE,"1,386",211,12.1,12,None
EXPERT,niconico,インビジブル,826,82,12.2,12,2019/9/26 通常配信
MASTER,POPS＆ANIME,未来の彼方,957,144,12.5,12,None
MASTER,niconico,メーベル（self cover）,725,73,12.1,12,2019/10/10 通常配信
MASTER,オンゲキ,ポケットからぬりつぶせ！,939,188,12.3,12,None
EXPERT,オンゲキ,Mini skirt,782,258,12.2,12,None
EXPERT,オンゲキ,HONEY-Q,"1,246",157,12.0,12,None
EXPERT,チュウマイ,SILENT BLUE,"1,088",339,12.1,12,None
MASTER,POPS＆ANIME,スタートライン,"1,388",135,12.2,12,None
MASTER,POPS＆ANIME,星屑☆シーカー,952,134,12.6,12,None
MASTER,POPS＆ANIME,セカイのヒミツ,"1,270",93,12.3,12,None
MASTER,POPS＆ANIME,ただ君に晴れ,802,102,12.2,12,2019/11/14 通常配信
MASTER,POPS＆ANIME,LEVEL5-judgelight-,851,63,12.4,12,None
MASTER,POPS＆ANIME,My Soul，Your Beats！,"1,284",60,12.3,12,None
EXPERT,オンゲキ,ヒトリボッチサテライト,"1,178",114,12.6,12,第3章ジュエル150個消費
EXPERT,VARIETY,Duello,"1,017",206,12.5,12,None
MASTER,niconico,おねがいダーリン,"1,510",136,12.6,12,2020/2/13 通常配信
EXPERT,オンゲキ,R’N’R Monsta,"1,200",80,12.5,12,None
MASTER,POPS＆ANIME,春擬き,872,105,12.2,12,None
MASTER,POPS＆ANIME,わたしたち魔法乙女です☆,"1,286",141,12.4,12,None
MASTER,POPS＆ANIME,ヒャダインのカカカタ☆カタオモイ-C,"1,127",112,12.6,12,2020/2/20 通常配信
MASTER,niconico,乙女解剖,978,142,12.0,12,2020/2/20 通常配信
MASTER,niconico,メルティランドナイトメア,905,90,12.5,12,2020/2/20 通常配信
MASTER,POPS＆ANIME,エブリデイワールド,748,57,12.0,12,None
MASTER,POPS＆ANIME,ホシノキズナ,"1,651",161,12.4,12,None
EXPERT,オンゲキ,Ai Drew,"1,048",252,12.3,12,None
MASTER,POPS＆ANIME,Contrail ～軌跡～,"1,389",326,12.2,12,None
EXPERT,チュウマイ,otorii INNOVATED -［i］3-,"1,146",259,12.4,12,None
EXPERT,オンゲキ,Galaxy Blaster,"1,288",163,12.3,12,None
EXPERT,オンゲキ,Trinity Departure,871,61,12.1,12,None
MASTER,オンゲキ,進め！マイウェイ！,"1,019",191,12.3,12,None
MASTER,POPS＆ANIME,ハッピータイフーン,"1,272",75,12.5,12,None
MASTER,POPS＆ANIME,Believe,"1,141",151,12.5,12,None
MASTER,POPS＆ANIME,リトルソルジャー,"1,084",111,12.4,12,None
MASTER,オンゲキ,夏色花火,"1,078",81,12.1,12,None
EXPERT,オンゲキ,AstrøNotes.,"1,279",281,12.6,12,None
EXPERT,VARIETY,Air,"1,067",204,12.2,12,None
MASTER,POPS＆ANIME,NATSUKAGE-夏陰-,966,64,12.1,12,None
MASTER,POPS＆ANIME,Snow in ”I love you”,"1,139",125,12.6,12,None
EXPERT,チュウマイ,Genesis,883,71,12.4,12,None
MASTER,POPS＆ANIME,いぇす！ゆゆゆ☆ゆるゆり♪♪,776,85,12.5,12,None
EXPERT,オンゲキ,PinqPiq（xovevox Remix）,915,189,12.1,12,None
EXPERT,オンゲキ,RED to RED,983,148,12.2,12,None
EXPERT,オンゲキ,Daydreama,"1,094",125,12.0,12,None
MASTER,POPS＆ANIME,カラフル,923,40,12.4,12,None
MASTER,POPS＆ANIME,Forever Friends,"1,837",107,12.4,12,None
MASTER,POPS＆ANIME,紅蓮華,"1,025",73,12.2,12,None
MASTER,POPS＆ANIME,五等分の気持ち,"1,135",130,12.1,12,None
MASTER,POPS＆ANIME,コネクト,992,49,12.5,12,None
MASTER,POPS＆ANIME,beautiful tomorrow,940,120,12.3,12,None
MASTER,POPS＆ANIME,Shiny Smily Story,"1,512",131,12.5,12,None
EXPERT,VARIETY,Jack-the-Ripper◆,"1,079",138,12.1,12,None
MASTER,POPS＆ANIME,進化系Colors,"1,476",230,12.4,12,None
EXPERT,チュウマイ,宛城、炎上！！,"1,385",126,12.5,12,None
MASTER,オンゲキ,キミは“見ていたね”？,"1,278",51,12.4,12,None
MASTER,niconico,名探偵連続殺人事件,"1,008",131,12.5,12,None
EXPERT,東方Project,ナイト・オブ・ナイツ （かめりあ’s“ワンス・アポン・ア・ナイト”Remix）,None,None,12.2,12,None
MASTER,POPS＆ANIME,Sign,"2,132",187,12.5,12,None
MASTER,東方Project,LOVERS,None,None,12.6,12,None
MASTER,niconico,愛されなくても君がいる,None,None,12.3,12,None
EXPERT,VARIETY,Grievous Lady,"1,085",200,12.1,12,None
MASTER,niconico,ビターチョコデコレーション,None,None,12.5,12,None
MASTER,niconico,ウミユリ海底譚,"1,115",80,12.5,12,None
MASTER,niconico,タイムマシン,None,None,12.1,12,None
MASTER,niconico,太陽系デスコ,"1,000",100,12.3,12,None
MASTER,POPS＆ANIME,クライングハート,762,31,12.3,12,None
MASTER,POPS＆ANIME,SAKURAスキップ,None,None,12.2,12,None
MASTER,POPS＆ANIME,JUMPin’ JUMP UP！！！！,None,None,12.5,12,None
EXPERT,オンゲキ,See The Light,None,None,12.5,12,None
MASTER,POPS＆ANIME,天空カフェテリア,None,None,12.3,12,None
MASTER,POPS＆ANIME,初恋は君色メモリー,None,None,12.2,12,None
MASTER,POPS＆ANIME,秒針を噛む,None,None,12.3,12,None
MASTER,niconico,Henceforth,None,None,12.2,12,None
EXPERT,オンゲキ,最っ高のエンタメだ！！,None,None,12.3,12,None
EXPERT,オンゲキ,Adverse Gaff,None,None,12.1,12,None
MASTER,ボーナストラック,ポケットからぬりつぶせ！ -日向 千夏ソロver.-,939,188,12.3,12,None
MASTER,ボーナストラック,ポケットからぬりつぶせ！ -柏木 美亜ソロver.-,939,188,None,12,None
MASTER,ボーナストラック,ポケットからぬりつぶせ！ -東雲 つむぎソロver.-,939,188,None,12,None
EXPERT,niconico,ラクガキスト,None,None,12.0,12,None
EXPERT,オンゲキ,colorful transparency,None,None,12.2,12,None
MASTER,POPS＆ANIME,EZ DO DANCE,None,None,12.4,12,None
MASTER,ボーナストラック,めんどーい！やっほーい！ともだち！ -井之原 小星ソロver.-,None,None,None,12,None
MASTER,ボーナストラック,めんどーい！やっほーい！ともだち！ -柏木 咲姫ソロver.-,None,None,None,12,None
MASTER,POPS＆ANIME,Realize！,"1,691",97,12.3,12,None
EXPERT,VARIETY,Amphisbaena,None,None,12.5,12,None
MASTER,POPS＆ANIME,Check my soul,None,None,12.3,12,None
EXPERT,オンゲキ,Pastel Sprinkles,"1,036",115,12.2,12,None
MASTER,POPS＆ANIME,イルミナージュ・ランド,None,None,12.4,12,None
MASTER,niconico,キレキャリオン,None,None,12.4,12,None
MASTER,niconico,アルカリレットウセイ,None,None,12.3,12,None
EXPERT,VARIETY,Love ＆ Justice,None,None,12.6,12,None
MASTER,POPS＆ANIME,キズナ Sparkling World,None,None,12.5,12,None
EXPERT,チュウマイ,Xevel,"1,315",157,12.2,12,None
EXPERT,チュウマイ,Supersonic Generation,None,None,12.3,12,None
EXPERT,VARIETY,DRAGONLADY,None,None,None,12,None
MASTER,niconico,Snow Song Show,None,None,12.0,12,None
MASTER,東方Project,Nowhere Girl,None,None,12.4,12,None
MASTER,POPS＆ANIME,STYX HELIX,None,None,12.6,12,None
MASTER,ボーナストラック,Starring Stars -三角 葵ソロver.-,None,None,None,12,None
MASTER,ボーナストラック,Starring Stars -藤沢 柚子ソロver.-,None,None,None,12,None
MASTER,ボーナストラック,Starring Stars -星咲 あかりソロver.-,None,None,None,12,None
MASTER,niconico,空奏列車,None,None,12.3,12,None
MASTER,POPS＆ANIME,レイル・ロマネスク ハチロクver.,None,None,12.3,12,None
EXPERT,オンゲキ,GODLINESS,None,None,12.2,12,None
MASTER,POPS＆ANIME,Hide ＆ Attack,None,None,12.6,12,None
MASTER,niconico,恋愛裁判,None,None,12.3,12,None
EXPERT,チュウマイ,TEmPTaTiON,None,None,12.3,12,None
EXPERT,チュウマイ,Last Celebration,"1,029",187,12.0,12,None
MASTER,東方Project,色は匂へど散りぬるを,None,None,12.3,12,None
MASTER,オンゲキ,Happiness on the Table,"1,166",101,12.0,12,None
EXPERT,VARIETY,竹　,None,None,12.4,12,None
MASTER,POPS＆ANIME,エッビーナースデイ,"1,213",37,12.4,12,None
MASTER,ボーナストラック,Y.Y.Y.計画！！！！ -珠洲島 有栖ソロver.-,None,None,None,12,None
MASTER,ボーナストラック,Y.Y.Y.計画！！！！ -九條 楓ソロver.-,None,None,None,12,None
MASTER,ボーナストラック,Y.Y.Y.計画！！！！ -逢坂 茜ソロver.-,None,None,None,12,None
EXPERT,オンゲキ,μάγια,None,None,12.3,12,None
MASTER,POPS＆ANIME,うぇるかむ to ONSEN！！,969,167,12.2,12,None
MASTER,POPS＆ANIME,700，000，000，000，000，000，000，000の空で,None,None,12.5,12,None
EXPERT,オンゲキ,RELOAD,None,None,12.5,12,None
MASTER,オンゲキ,White Magic Night！,None,None,12.0,12,None
EXPERT,VARIETY,Showguts,None,None,12.0,12,None
MASTER,niconico,セカイはまだ始まってすらいない,None,None,12.4,12,None
EXPERT,オンゲキ,B WiZ U,None,None,12.5,12,None
MASTER,niconico,セカイ,None,None,12.4,12,None
EXPERT,VARIETY,2112410403927243233368,None,None,12.4,12,None
MASTER,VARIETY,君のStarlight Road,None,None,12.2,12,None
MASTER,オンゲキ,Handmade Good Day,None,None,12.3,12,None
MASTER,ボーナストラック,キミは“見ていたね”？ -東雲 つむぎソロver.-,None,None,None,12,None
MASTER,ボーナストラック,キミは“見ていたね”？ -結城 莉玖ソロver.-,None,None,None,12,None
MASTER,POPS＆ANIME,ミライメモリーズ！,None,None,12.6,12,None
EXPERT,VARIETY,BABYLON,None,None,12.0,12,None
MASTER,POPS＆ANIME,うまぴょい伝説,None,None,12.4,12,None
MASTER,niconico,幽霊東京,None,None,12.2,12,None
EXPERT,VARIETY,8OROCHI,None,None,12.4,12,None
EXPERT,チュウマイ,Alea jacta est！,None,None,12.3,12,None
EXPERT,オンゲキ,Knocking Harder,None,None,12.4,12,None
MASTER,ボーナストラック,Jump！！ Jump！！ Jump！！ -星咲 あかりソロver.-,None,None,None,12,None
MASTER,ボーナストラック,Jump！！ Jump！！ Jump！！ -藤沢 柚子ソロver.-,None,None,None,12,None
MASTER,ボーナストラック,Jump！！ Jump！！ Jump！！ -三角 葵ソロver.-,None,None,None,12,None
MASTER,ボーナストラック,Jump！！ Jump！！ Jump！！ -逢坂 茜ソロver.-,None,None,None,12,None
MASTER,ボーナストラック,Jump！！ Jump！！ Jump！！ -高瀬 梨緒ソロver.-,None,None,None,12,None
MASTER,POPS＆ANIME,シュガーソングとビターステップ,976,58,11.8,11+,None
MASTER,POPS＆ANIME,回レ！雪月花,"1,087",116,11.8,11+,ジュエル10個消費
MASTER,チュウマイ,ＧＯ！ＧＯ！ラブリズム♥,"1,170",72,11.9,11+,ジュエル20個消費
MASTER,POPS＆ANIME,Los！ Los！ Los！,836,94,11.9,11+,None
MASTER,niconico,天ノ弱,937,28,11.9,11+,None
MASTER,niconico,おこちゃま戦争,945,45,11.9,11+,ジュエル25個消費
MASTER,オンゲキ,タテマエと本心の大乱闘,836,121,11.8,11+,None
MASTER,niconico,千本桜,972,155,11.9,11+,None
EXPERT,チュウマイ,7thSense,646,77,11.7,11+,ジュエル75個消費
MASTER,niconico,ブリキノダンス,"1,021",178,11.7,11+,None
EXPERT,チュウマイ,エンドマークに希望と涙を添えて,871,241,11.8,11+,ジュエル90個消費
EXPERT,niconico,カミサマネジマキ,956,105,11.7,11+,イベントジュエル 15個
EXPERT,niconico,初音ミクの消失,749,209,11.7,11+,None
MASTER,チュウマイ,Sentimental Snow,"1,142",72,11.9,11+,None
EXPERT,オンゲキ,Touch and Go,"1,258",228,11.7,11+,None
EXPERT,VARIETY,FREEDOM DiVE （tpz Overcute Remix）,"1,401",75,11.9,11+,None
MASTER,niconico,ブレス・ユア・ブレス,"1,039",169,11.8,11+,None
MASTER,POPS＆ANIME,星のダイアローグ,816,130,11.7,11+,None
EXPERT,東方Project,ウサテイ,626,138,11.7,11+,None
EXPERT,チュウマイ,World Vanquisher,"1,314",176,11.9,11+,None
MASTER,POPS＆ANIME,お願い☆My Boy,"1,031",88,11.7,11+,None
MASTER,niconico,Snow Fairy Story,894,124,11.9,11+,None
MASTER,POPS＆ANIME,Brave Song,583,34,11.7,11+,None
EXPERT,オンゲキ,Sparkle,910,147,11.8,11+,None
EXPERT,オンゲキ,Last Kingdom,908,52,11.9,11+,None
MASTER,POPS＆ANIME,SmileAgain,"1,429",112,11.7,11+,None
EXPERT,オンゲキ,DAWNBREAKER,952,162,11.8,11+,None
MASTER,niconico,Hand in Hand - livetune,646,97,11.7,11+,None
EXPERT,VARIETY,felys -final remix-,944,223,11.7,11+,None
EXPERT,オンゲキ,Lostwizz,872,138,11.7,11+,None
EXPERT,東方Project,ナイト・オブ・ナイツ（xi Remix）,"1,334",156,11.9,11+,None
EXPERT,オンゲキ,LiftOff,None,None,11.7,11+,None
EXPERT,チュウマイ,Climax,"1,308",156,11.8,11+,None
EXPERT,オンゲキ,Ruler Count，Zero,894,86,11.7,11+,None
EXPERT,オンゲキ,A Day in the Patisserie,None,None,11.9,11+,None
EXPERT,チュウマイ,シャッキーーン！！,None,None,11.8,11+,None
EXPERT,チュウマイ,四月の雨,None,None,11.7,11+,None
EXPERT,VARIETY,c.s.q.n.,None,None,11.8,11+,None
EXPERT,チュウマイ,Secret Sleuth,None,None,11.8,11+,None
EXPERT,ボーナストラック,Ruler Count，Zero -逢坂 茜ソロver.-,None,None,None,11+,None
EXPERT,ボーナストラック,Ruler Count，Zero -九條 楓ソロver.-,None,None,None,11+,None
EXPERT,ボーナストラック,Ruler Count，Zero -珠洲島 有栖ソロver.-,None,None,None,11+,None
EXPERT,東方Project,LUNA DIAL -Version X-SAKUYA-,None,None,11.7,11+,None
EXPERT,VARIETY,ニニ,None,None,11.7,11+,None
EXPERT,VARIETY,ENERGY SYNERGY MATRIX,None,None,11.9,11+,None
MASTER,POPS＆ANIME,なんどでも笑おう,None,None,11.7,11+,None
EXPERT,オンゲキ,Island Breeze,None,None,11.9,11+,None
EXPERT,オンゲキ,ICEBURN,None,None,11.9,11+,None
MASTER,オンゲキ,STARTLINER,819,95,11.2,11,ジュエル3個消費
MASTER,オンゲキ,Perfect Shining！！,918,133,11.5,11,None
MASTER,VARIETY,檄！帝国華撃団,817,120,11.4,11,None
MASTER,オンゲキ,みんな Happy！！,971,47,11.5,11,None
EXPERT,チュウマイ,Hyper Active,791,129,11.2,11,None
EXPERT,チュウマイ,AMAZING MIGHTYYYY！！！！,743,151,11.0,11,None
EXPERT,オンゲキ,Ai Nov,814,182,11.0,11,None
MASTER,POPS＆ANIME,鳥の詩,943,103,11.3,11,ジュエル45個消費
MASTER,チュウマイ,First Twinkle,"1,163",196,11.4,11,ジュエル75個消費
EXPERT,niconico,初音ミクの激唱,982,139,11.0,11,None
EXPERT,VARIETY,GOODRAGE,704,124,11.5,11,イベントジュエル 30個
EXPERT,オンゲキ,アンハッピーリフレイン,653,86,11.3,11,None
MASTER,POPS＆ANIME,Cream＋Mint,768,59,11.4,11,None
EXPERT,オンゲキ,Death Doll,887,92,11.2,11,None
MASTER,POPS＆ANIME,Lost Princess,"1,332",179,11.6,11,None
EXPERT,VARIETY,conflict,993,176,11.4,11,None
EXPERT,niconico,人生リセットボタン,874,172,11.3,11,2019/8/8通常配信
EXPERT,オンゲキ,Baqeela,"1,118",131,11.4,11,None
EXPERT,オンゲキ,Lazy Addiction,"1,058",212,11.6,11,None
EXPERT,東方Project,患部で止まってすぐ溶ける～狂気の優曇華院,543,277,11.0,11,None
EXPERT,東方Project,Imperishable Night 2006（2016 Refine）,"1,096",88,11.6,11,None
EXPERT,niconico,裏表ラバーズ,747,99,11.3,11,2019/11/14 通常配信
EXPERT,niconico,こどものしくみ,988,113,11.0,11,2019/11/28 通常配信
EXPERT,オンゲキ,Honey Bear,821,88,11.0,11,None
EXPERT,チュウマイ,Change Our MIRAI！ （Our 7 Lights）,"1,053",111,11.0,11,None
EXPERT,オンゲキ,Radiance,952,100,11.5,11,None
EXPERT,チュウマイ,folern,"1,191",116,11.5,11,None
EXPERT,東方Project,Doll Judgment,944,197,11.1,11,None
EXPERT,チュウマイ,BOKUTO,921,167,11.3,11,2020/2/13 通常配信
EXPERT,東方Project,疾走あんさんぶる,931,131,11.4,11,None
EXPERT,VARIETY,Dreadnought,"1,420",150,11.6,11,2020/3/5 通常配信
EXPERT,オンゲキ,撩乱乙女†無双劇,"1,106",213,11.6,11,None
EXPERT,東方Project,物凄い狂っとるフランちゃんが物凄いうた,720,165,11.1,11,None
EXPERT,オンゲキ,アマツカミ,"1,010",128,11.5,11,None
EXPERT,チュウマイ,Summer is over,903,106,11.0,11,None
EXPERT,niconico,アンノウン・マザーグース,850,126,11.0,11,None
EXPERT,VARIETY,Destr0yer,"1,392",192,11.4,11,None
EXPERT,niconico,深海のリトルクライ feat. 土岐麻子,662,266,11.1,11,None
EXPERT,VARIETY,花たちに希望を,"1,198",227,11.5,11,None
EXPERT,オンゲキ,Iudicium “Apocalypsis Mix”,879,85,11.4,11,None
EXPERT,オンゲキ,All Right！,942,121,11.5,11,None
EXPERT,POPS＆ANIME,Phantom Joke,922,138,11.1,11,None
MASTER,ボーナストラック,STARTLINER -星咲 あかりソロver.-,None,None,None,11,None
MASTER,ボーナストラック,STARTLINER -藤沢 柚子ソロver.-,None,None,None,11,None
MASTER,ボーナストラック,STARTLINER -三角 葵ソロver.-,None,None,None,11,None
EXPERT,チュウマイ,Oshama Scramble！（Cranky Remix）,"1,157",113,11.6,11,None
EXPERT,niconico,イカサマライフゲイム,880,179,11.3,11,None
EXPERT,チュウマイ,ヤミツキ,None,None,11.5,11,None
EXPERT,東方Project,Satori ～3rd EyEs （2020 Recall）,None,None,11.6,11,None
EXPERT,VARIETY,Singularity - ETIA.,641,140,11.5,11,None
EXPERT,VARIETY,迷える音色は恋の唄,"1,167",86,11.4,11,None
EXPERT,VARIETY,Burning Steel Inferno,None,None,11.0,11,Wonderland Wars連動イベント
EXPERT,POPS＆ANIME,カナリア,894,143,11.4,11,None
EXPERT,東方Project,天狗の落とし文 feat. ｙｔｒ,940,84,11.3,11,None
EXPERT,オンゲキ,fulgente （flip-side color mix）,919,168,11.2,11,None
EXPERT,東方Project,ロストワードクロニカル,None,None,11.2,11,None
EXPERT,オンゲキ,STARRED HEART,None,None,11.0,11,None
EXPERT,オンゲキ,Random Access Emotions,None,None,11.5,11,None
EXPERT,オンゲキ,Daredevil Glaive,None,None,11.4,11,None
EXPERT,VARIETY,Singularity - SEGA SOUND STAFF「セガNET麻雀 MJ」,None,None,11.4,11,None
EXPERT,VARIETY,僕たちの旅とエピローグ。,None,None,11.6,11,None
EXPERT,niconico,夜咄ディセイブ,None,None,11.2,11,None
EXPERT,オンゲキ,give it up to you,872,135,11.0,11,None
EXPERT,東方Project,Bad Apple！！（Camellia’s “Bad Psy” Remix）,None,None,11.4,11,None
EXPERT,チュウマイ,U ARE,None,None,11.6,11,None
EXPERT,オンゲキ,おやすみのうた,None,None,11.0,11,None
EXPERT,POPS＆ANIME,Paradisus-Paradoxum,None,None,11.4,11,None
EXPERT,VARIETY,CO5M1C R4ILR0AD,None,None,11.6,11,None
EXPERT,東方Project,断罪は遍く人間の元に,None,None,11.3,11,None
LUNATIC,LUNATIC,STARRED HEART,None,None,11.2,11,None
EXPERT,オンゲキ,ゲーミングポーラーベア,None,None,11.4,11,None
EXPERT,オンゲキ,Elusive Emotes,None,None,11.0,11,None
EXPERT,niconico,ジャンキーナイトタウンオーケストラ,"1,019",238,11.2,11,None
EXPERT,VARIETY,Dement ~after legend~,None,None,11.4,11,None
EXPERT,VARIETY,Cutter,None,None,11.1,11,None
EXPERT,オンゲキ,Skip ＆ Smile！！,None,None,11.2,11,None
EXPERT,niconico,初音天地開闢神話,None,None,11.3,11,None
EXPERT,チュウマイ,足立オウフwwww,840,164,11.0,11,None
EXPERT,niconico,電脳少女は歌姫の夢を見るか？,None,None,11.2,11,2021/12/2 通常配信
EXPERT,VARIETY,Party 4U ”holy nite mix”,None,None,11.3,11,None
EXPERT,オンゲキ,天つ風,None,None,11.0,11,None
EXPERT,オンゲキ,いつか花咲くその前に,None,None,11.0,11,None
EXPERT,チュウマイ,CHOCOLATE BOMB！！！！,None,None,11.4,11,None
EXPERT,オンゲキ,Suspiro,None,None,11.0,11,None
EXPERT,ボーナストラック,give it up to you -早乙女 彩華ソロver.-,None,None,None,11,None
EXPERT,ボーナストラック,give it up to you -桜井 春菜ソロver.-,None,None,None,11,None
EXPERT,VARIETY,エピトゥリカの祀,None,None,11.5,11,None
EXPERT,POPS＆ANIME,Let Me Know （feat. Masayoshi Iimori）,None,None,None,11,None
EXPERT,POPS＆ANIME,HEAVEN’S RAVE,None,None,None,11,None
EXPERT,東方Project,神々が恋した幻想郷,None,None,None,11,None
EXPERT,VARIETY,Halcyon,"1,046",86,10.7,10+,None
EXPERT,オンゲキ,Dolphika,768,87,10.7,10+,None
EXPERT,オンゲキ,P！P！P！P！がおー！！,865,156,10.7,10+,None
EXPERT,チュウマイ,Gate of Doom,834,215,10.7,10+,None
EXPERT,オンゲキ,ロッキンピンクモンスター,626,123,10.7,10+,ジュエル60個消費
EXPERT,チュウマイ,Paqqin,712,193,10.7,10+,None
EXPERT,チュウマイ,閃鋼のブリューナク,702,176,10.7,10+,None
EXPERT,チュウマイ,Kattobi KEIKYU Rider,"1,193",109,10.7,10+,ジュエル75個消費
EXPERT,niconico,クイーンオブハート,"1,116",128,10.7,10+,None
EXPERT,niconico,星屑ユートピア,596,53,10.7,10+,None
EXPERT,オンゲキ,Chelly spLash♪♪,831,205,10.7,10+,None
EXPERT,オンゲキ,オンゲキ全域★アカネサマ？,"1,114",270,10.7,10+,None
EXPERT,オンゲキ,BOUNCE ＆ DANCE,693,151,10.7,10+,ジュエル45個消費
EXPERT,東方Project,妖狐仙楽踏,966,108,10.7,10+,None
EXPERT,東方Project,Scream out！ -音華鏡 Re：BREAK-,755,137,10.7,10+,None
EXPERT,POPS＆ANIME,GO！ GO！ MANIAC,674,102,10.7,10+,None
EXPERT,niconico,ギガンティックO.T.N,853,194,10.7,10+,None
EXPERT,東方Project,サドマミホリック,966,106,10.7,10+,None
EXPERT,東方Project,全力ハッピーライフ,954,102,10.7,10+,None
EXPERT,POPS＆ANIME,青春サイダー,767,123,10.7,10+,None
EXPERT,東方Project,ナイト・オブ・ナイツ（Cranky Remix）,"1,057",141,10.7,10+,2019/10/17 通常配信
EXPERT,niconico,セツナトリップ,797,100,10.7,10+,2020/1/9 通常配信
EXPERT,オンゲキ,Splash Dance！！,958,183,10.7,10+,None
EXPERT,POPS＆ANIME,Nameless Story,888,77,10.7,10+,None
EXPERT,チュウマイ,超常マイマイン,862,190,10.7,10+,None
EXPERT,東方Project,ルナティックレッドアイズ,"1,101",207,10.7,10+,None
EXPERT,POPS＆ANIME,スパッと！スパイ＆スパイス,948,148,10.7,10+,None
EXPERT,オンゲキ,ウキウキ☆Candy！,677,131,10.7,10+,None
EXPERT,niconico,テオ,"1,203",193,10.7,10+,None
EXPERT,VARIETY,Reach for the Stars,None,None,10.7,10+,None
EXPERT,東方Project,Paranoia,None,None,10.7,10+,None
EXPERT,niconico,吉原ラメント,694,108,10.7,10+,None
EXPERT,オンゲキ,Say Goodbye,803,226,10.7,10+,None
EXPERT,niconico,命に嫌われている,None,None,10.7,10+,None
EXPERT,POPS＆ANIME,藍の華,None,None,10.7,10+,None
EXPERT,POPS＆ANIME,Realize,None,None,10.7,10+,None
EXPERT,VARIETY,Altale,None,None,10.7,10+,None
EXPERT,VARIETY,BBBLOW -rebuild-,None,None,10.7,10+,None
EXPERT,niconico,撥条少女時計,None,None,10.7,10+,None
EXPERT,niconico,バイオレンストリガー,None,None,10.7,10+,None
EXPERT,VARIETY,Once in my life,None,None,10.7,10+,None
EXPERT,niconico,幾望の月,None,None,10.7,10+,None
EXPERT,ボーナストラック,Splash Dance！！ -星咲 あかりソロver.-,958,183,None,10+,None
EXPERT,ボーナストラック,Splash Dance！！ -高瀬 梨緒ソロver.-,958,183,None,10+,None
EXPERT,ボーナストラック,Splash Dance！！ -桜井 春菜ソロver.-,958,183,None,10+,None
EXPERT,ボーナストラック,Splash Dance！！ -井之原 小星ソロver.-,958,183,None,10+,None
EXPERT,ボーナストラック,Splash Dance！！ -日向 千夏ソロver.-,958,183,None,10+,None
EXPERT,niconico,輪廻転生,None,None,10.7,10+,None
EXPERT,VARIETY,Psalms ～魂の還るばしょ～,None,None,10.7,10+,None
EXPERT,POPS＆ANIME,ぶいちゅっばの歌,None,None,10.7,10+,None
EXPERT,オンゲキ,I got a gig tonight！,None,None,10.7,10+,None
EXPERT,niconico,腐れ外道とチョコレゐト,None,None,10.7,10+,None
EXPERT,オンゲキ,霧の書斎,None,None,10.7,10+,None
EXPERT,POPS＆ANIME,Like the Sun， Like the Moon,None,None,10.7,10+,None
EXPERT,VARIETY,Velaciela （Hyper Mix）,None,None,10.7,10+,None
EXPERT,オンゲキ,Butterfly Wave,None,None,10.7,10+,None
EXPERT,niconico,脳漿炸裂ガール,757,119,10.0,10,ジュエル10個消費
EXPERT,チュウマイ,Oshama Scramble！,646,87,10.0,10,ジュエル20個消費
EXPERT,チュウマイ,Cyberozar,938,191,10.0,10,None
EXPERT,niconico,鬼KYOKAN,668,84,10.4,10,None
EXPERT,チュウマイ,We Gonna Journey,619,67,10.4,10,None
EXPERT,東方Project,幻想のサテライト,764,75,10.4,10,イベントジュエル30個
EXPERT,niconico,ぼくらの16bit戦争,714,133,10.4,10,ジュエル45個消費
EXPERT,東方Project,Destiny Runner,953,166,10.0,10,None
EXPERT,東方Project,最終鬼畜妹フランドール・Ｓ,750,72,10.4,10,None
EXPERT,niconico,チュルリラ・チュルリラ・ダッダッダ！,799,88,10.0,10,イベントジュエル 30個
EXPERT,チュウマイ,ロボットプラネットユートピア,733,159,10.4,10,イベントジュエル 30個
EXPERT,オンゲキ,TAKE ON THE WORLD,719,128,10.0,10,None
EXPERT,オンゲキ,TeA,560,127,10.0,10,None
EXPERT,東方Project,東方妖々夢 ～the maximum moving about～,730,218,10.0,10,None
EXPERT,オンゲキ,Rule the World！！,773,161,10.0,10,ジュエル20個消費
EXPERT,東方Project,チルノのパーフェクトさんすう教室,804,127,10.0,10,イベントジュエル9個消費
EXPERT,チュウマイ,光線チューニング,854,178,10.0,10,2019/8/8通常配信
EXPERT,niconico,ドーナツホール,582,57,10.0,10,2019/8/8通常配信
EXPERT,niconico,ダンスロボットダンス,882,79,10.4,10,None
EXPERT,東方Project,Help me，ERINNNNNN！！,675,70,10.0,10,None
EXPERT,niconico,デリヘル呼んだら君が来た,"1,055",96,10.0,10,2019/11/7 通常配信
EXPERT,niconico,トーキョーゲットー,484,45,10.0,10,2019/11/28 通常配信
EXPERT,niconico,白い雪のプリンセスは,"1,093",100,10.0,10,None
EXPERT,オンゲキ,Heart Cooking Recipe,863,161,10.4,10,None
EXPERT,チュウマイ,ライトスピード・デイズ,894,214,10.4,10,None
EXPERT,niconico,地球最後の告白を,926,126,10.4,10,2020/1/23 通常配信
EXPERT,POPS＆ANIME,ピースサイン,510,94,10.0,10,2020/2/20 通常配信
EXPERT,POPS＆ANIME,Catch the Moment,704,71,10.0,10,2020/2/20 通常配信
EXPERT,POPS＆ANIME,ヒャダインのカカカタ☆カタオモイ-C,635,135,10.4,10,2020/2/20 通常配信
EXPERT,niconico,Seyana. ～何でも言うことを聞いてくれるアカネチャン～,671,125,10.0,10,2020/2/27 通常配信
EXPERT,niconico,アンドロイドガール,904,94,10.4,10,2020/3/12 通常配信
EXPERT,niconico,チェチェ・チェック・ワンツー！,774,186,10.0,10,2020/3/19 通常配信
EXPERT,オンゲキ,絆はずっとGrowing Up！！！,"1,253",173,10.0,10,None
EXPERT,VARIETY,ベースラインやってる？笑,796,60,10.0,10,None
EXPERT,niconico,ナンセンス文学,684,92,10.4,10,None
EXPERT,POPS＆ANIME,100％ちゅ～学生,"1,183",188,10.0,10,None
ADVANCED,オンゲキ,脳天直撃,784,119,None,10,None
EXPERT,オンゲキ,Jörqer,753,100,10.4,10,None
EXPERT,オンゲキ,Glitter-Glitter,695,134,10.0,10,None
EXPERT,POPS＆ANIME,侵略ノススメ☆,"1,015",231,10.4,10,None
EXPERT,niconico,ベノム,832,104,10.4,10,None
EXPERT,POPS＆ANIME,よいまちカンターレ,943,201,10.0,10,None
EXPERT,チュウマイ,ツクヨミステップ,852,209,10.4,10,None
EXPERT,niconico,絶対にチョコミントを食べるアオイチャン,"1,040",175,10.0,10,None
EXPERT,東方Project,LOVERS,None,None,10.4,10,None
EXPERT,POPS＆ANIME,STORIA,738,129,10.0,10,None
EXPERT,niconico,スクランブル交際,852,125,10.0,10,None
EXPERT,POPS＆ANIME,ワタシConnect＊,907,134,10.0,10,None
EXPERT,POPS＆ANIME,JOINT,None,None,10.0,10,None
EXPERT,niconico,ワールズエンド・ダンスホール,None,None,10.4,10,None
EXPERT,niconico,あの世行きのバスに乗ってさらば。,None,None,10.4,10,None
EXPERT,niconico,ボッカデラベリタ,None,None,10.4,10,None
EXPERT,POPS＆ANIME,Ahoy！！ 我ら宝鐘海賊団☆,None,None,10.4,10,None
EXPERT,POPS＆ANIME,Check my soul,None,None,10.0,10,None
EXPERT,niconico,ラストリゾート,None,None,10.0,10,None
EXPERT,niconico,雨とペトラ,None,None,10.0,10,None
EXPERT,niconico,キレキャリオン,None,None,None,10,None
EXPERT,オンゲキ,シンデレラディスコ,None,None,10.4,10,None
EXPERT,niconico,とても素敵な六月でした,None,None,10.4,10,None
EXPERT,オンゲキ,レーイレーイ ～超絶最強アメちゃん Mix～,None,None,10.0,10,None
EXPERT,チュウマイ,STAR,None,None,None,10,None
EXPERT,チュウマイ,Rendezvous,None,None,10.4,10,None
EXPERT,東方Project,悪戯センセーション,None,None,10.0,10,None
EXPERT,オンゲキ,My precious holiday,None,None,10.4,10,None
EXPERT,チュウマイ,その群青が愛しかったようだった,None,None,10.4,10,None
ADVANCED,オンゲキ,LAMIA,None,None,10.0,10,None
ADVANCED,オンゲキ,Apollo,None,None,10.4,10,None
EXPERT,POPS＆ANIME,おはようジャポニカ,None,None,10.0,10,None
EXPERT,POPS＆ANIME,あ・り・ま・す・か？,None,None,10.0,10,None
EXPERT,VARIETY,カラッポ・ノンフィクション,None,None,10.0,10,None
EXPERT,VARIETY,Burning Hearts ～炎のANGEL～,None,None,10.4,10,None
EXPERT,オンゲキ,Transcend Lights,None,None,10.0,10,None
EXPERT,POPS＆ANIME,うっせぇわ,None,None,10.0,10,None
EXPERT,POPS＆ANIME,NEXT COLOR PLANET,None,None,10.0,10,None
EXPERT,niconico,ダーリンダンス,None,None,10.4,10,None
EXPERT,POPS＆ANIME,ハッピーエンドをはじめから,None,None,10.0,10,None
EXPERT,オンゲキ,Catch Me If You Can,None,None,10.0,10,None
EXPERT,オンゲキ,Mizutama-Tripster,769,212,10.4,10,None
EXPERT,チュウマイ,福宿音屋魂音泉,946,129,10.0,10,None
EXPERT,niconico,永遠にゲームで対戦したいキリタン,None,None,10.0,10,2021/12/2 通常配信
EXPERT,東方Project,お空のニュークリアフュージョン道場,889,194,10.4,10,None
EXPERT,VARIETY,rePrayer,None,None,10.4,10,None
EXPERT,POPS＆ANIME,はっぴぃ にゅう にゃあ,None,None,10.0,10,None
EXPERT,ボーナストラック,Heart Cooking Recipe -藤沢 柚子ソロver.-,None,None,None,10,None
EXPERT,ボーナストラック,Heart Cooking Recipe -井之原 小星ソロver.-,None,None,None,10,None
EXPERT,ボーナストラック,Heart Cooking Recipe -九條 楓ソロver.-,None,None,None,10,None
EXPERT,niconico,Ready Steady,None,None,10.0,10,None
EXPERT,niconico,悔やむと書いてミライ,None,None,10.4,10,None
EXPERT,VARIETY,君のStarlight Road,None,None,10.0,10,None
EXPERT,VARIETY,STARLIGHT TWILIGHT -GC edit-,None,None,10.0,10,None
ADVANCED,オンゲキ,Magical Panic Adventure,None,None,10.0,10,None
EXPERT,POPS＆ANIME,せーので跳べって言ってんの！,None,None,10.0,10,None
EXPERT,POPS＆ANIME,サンダーライン,None,None,None,10,None
EXPERT,東方Project,回転 feat.あやぽんず＊,None,None,None,10,None
ADVANCED,オンゲキ,Op.I《fear-TITΛN-》,None,None,None,10,None
