BREaK! BREaK! BREaK!,MAS,14.7,mai,でらっくす
Heavenly Blast,MAS,14.8,mai,でらっくす
Regulus,MAS,14.7,mai,でらっくす
TEmPTaTiON,MAS,14.7,mai,でらっくす
Valsqotch,MAS,14.7,mai,でらっくす
封焔の135秒,MAS,14.7,mai,でらっくす
Beat of getting entangled,Re:M,14.5,mai,スタンダード
Death Scythe,Re:M,14.2,mai,スタンダード
Dragoon,Re:M,14.3,mai,スタンダード
System “Z”,Re:M,14.0,mai,スタンダード
Blows Up Everything,Re:M,14.2,mai,でらっくす
BATTLE NO.1,MAS,14.4,バラ,でらっくす
CO5M1C R4ILR0AD,MAS,14.2,でらっくす
felys -final remix-,MAS,14.3,バラ,でらっくす
Grievous Lady,MAS,14.4,バラ,でらっくす
Maboroshi,MAS,14.2,バラ,でらっくす
MEGATON KICK,MAS,14.1,バラ,でらっくす
Re：End of a Dream,MAS,14.3,バラ,でらっくす
"≠彡""/了→",MAS,14.3,mai,でらっくす
ARAIS,MAS,14.3,mai,でらっくす
BIRTH,MAS,14.5,mai,でらっくす
Mutation,MAS,14.0,mai,でらっくす
"Sqlupp (Camellia's ""Sqleipd*Hiytex"" Remix)",MAS,14.5,mai,でらっくす
STEEL TRANSONIC,MAS,14.3,mai,でらっくす
UniTas,MAS,14.4,mai,でらっくす
Xenovcipher,MAS,14.3,mai,でらっくす
アポカリプスに反逆の焔を焚べろ,MAS,14.4,mai,でらっくす
渦状銀河のシンフォニエッタ,MAS,14.6,mai,でらっくす
チエルカ／エソテリカ,MAS,14.1,mai,でらっくす
ワンダーシャッフェンの法則,MAS,14.1,mai,でらっくす
Climax,MAS,14.3,ゲ&チ,でらっくす
Desperado Waltz,MAS,14.3,ゲ&チ,でらっくす
Titania,MAS,14.5,ゲ&チ,でらっくす
YURUSHITE,MAS,14.4,ゲ&チ,でらっくす
JACKY ［Remix］,Re:M,None,バラ,スタンダード
FEEL the BEATS,Re:M,None,mai,スタンダード
We Gonna Party,Re:M,13.7,mai,スタンダード
アージェントシンメトリー,Re:M,13.9,mai,スタンダード
単一指向性オーバーブルーム,Re:M,13.8,ゲ&チ,でらっくす
Sweet Requiem,MAS,13.7,東方,でらっくす
Yakumo >>JOINT STRUGGLE (2019 Update),MAS,13.8,東方,でらっくす
Arty Party,MAS,13.9,バラ,でらっくす
Big Daddy,MAS,13.8,バラ,でらっくす
Black Lair,MAS,13.8,バラ,でらっくす
CHAOS,MAS,13.9,バラ,でらっくす
c.s.q.n.,MAS,13.8,バラ,でらっくす
emomomo,MAS,13.7,バラ,でらっくす
energy trixxx,MAS,13.8,バラ,でらっくす
Entrance,MAS,13.7,バラ,でらっくす
Ether Strike,MAS,13.9,バラ,でらっくす
Lunar Mare,MAS,13.8,バラ,でらっくす
MAKE IT FUNKY NOW,MAS,13.7,バラ,でらっくす
NULCTRL,MAS,13.9,バラ,でらっくす
Sound Chimera,MAS,13.8,バラ,でらっくす
Strange Bar,MAS,13.8,バラ,でらっくす
アトロポスと最果の探究者,MAS,13.7,バラ,でらっくす
ヒミツCULT,MAS,13.7,バラ,でらっくす
プナイプナイせんそう,MAS,13.7,バラ,でらっくす
もぺもぺ,MAS,13.9,バラ,でらっくす
Beautiful Future,MAS,13.7,mai,でらっくす
Blows Up Everything,MAS,13.8,mai,でらっくす
GRÄNDIR,MAS,13.9,mai,でらっくす
Komplexe,MAS,13.7,mai,でらっくす
MAXRAGE,MAS,13.8,mai,でらっくす
VANTABLACK RAVER,MAS,13.8,mai,でらっくす
パラボラ,MAS,13.9,mai,でらっくす
魔ジョ狩リ,MAS,13.7,mai,でらっくす
モ°ルモ°ル,MAS,13.8,mai,でらっくす
宛城、炎上！！,MAS,13.8,ゲ&チ,でらっくす
玩具狂奏曲 -終焉-,MAS,13.9,ゲ&チ,でらっくす
管弦楽組曲 第3番 ニ長調「第2曲（G線上のアリア）」BWV.1068-2,MAS,13.9,ゲ&チ,でらっくす
立川浄穢捕物帳,MAS,13.9,ゲ&チ,でらっくす
ハジマリノピアノ,MAS,13.8,ゲ&チ,でらっくす
PANDORA PARADOXXX,Re:M,15.0,mai,スタンダード
In Chaos,Re:M,14.8,バラ,スタンダード
Alea jacta est!,Re:M,14.8,mai,スタンダード
Garakuta Doll Play,Re:M,14.8,mai,スタンダード
QZKago Requiem,Re:M,14.9,mai,スタンダード
Schwarzschild,Re:M,14.9,mai,スタンダード
the EmpErroR,Re:M,14.9,mai,スタンダード
ガラテアの螺旋,Re:M,14.8,mai,スタンダード
雷切-RAIKIRI-,Re:M,14.8,mai,スタンダード
AMAZING MIGHTYYYY!!!!,MAS,14.7,mai,スタンダード
Excalibur ～Revived resolution～,MAS,14.8,mai,スタンダード
Glorious Crown,MAS,14.8,mai,スタンダード
larva,MAS,14.8,mai,スタンダード
Our Wrenally,MAS,14.8,mai,スタンダード
PANDORA PARADOXXX,MAS,14.9,mai,スタンダード
QZKago Requiem,MAS,14.8,mai,スタンダード
SILENT BLUE,MAS,14.8,mai,スタンダード
the EmpErroR,MAS,14.8,mai,スタンダード
怒槌,MAS,14.8,ゲ&チ,スタンダード
ロストワンの号哭,Re:M,14.2,nico,スタンダード
患部で止まってすぐ溶ける～狂気の優曇華院,Re:M,14.0,東方,スタンダード
ナイト・オブ・ナイツ,Re:M,14.3,東方,スタンダード
Beat Of Mind,Re:M,14.2,バラ,スタンダード
AMAZING MIGHTYYYY!!!!,Re:M,14.5,mai,スタンダード
FFT,Re:M,14.5,mai,スタンダード
Fragrance,Re:M,14.5,mai,スタンダード
Panopticon,Re:M,14.1,mai,スタンダード
ジングルベル,Re:M,14.0,mai,スタンダード
初音ミクの激唱,MAS,14.3,nico,スタンダード
Calamity Fortune,MAS,14.1,東方,スタンダード
B.M.S.,MAS,14.0,バラ,スタンダード
conflict,MAS,14.1,バラ,スタンダード
Credits,MAS,14.5,バラ,スタンダード
End Time,MAS,14.6,バラ,スタンダード
FUJIN Rumble,MAS,14.5,バラ,スタンダード
Ignis Danse,MAS,14.4,バラ,スタンダード
Scarlet Lance,MAS,14.1,バラ,スタンダード
きたさいたま2000,MAS,14.2,バラ,スタンダード
極圏,MAS,14.4,バラ,スタンダード
麒麟,MAS,14.0,バラ,スタンダード
7thSense,MAS,14.3,mai,スタンダード
Aiolos,MAS,14.4,mai,スタンダード
Alea jacta est!,MAS,14.2,mai,スタンダード
Axeria,MAS,14.5,mai,スタンダード
Caliburne ～Story of the Legendary sword～,MAS,14.2,mai,スタンダード
CITRUS MONSTER,MAS,14.5,mai,スタンダード
Contrapasso -paradiso-,MAS,14.4,mai,スタンダード
FFT,MAS,14.0,mai,スタンダード
Fragrance,MAS,14.2,mai,スタンダード
Garakuta Doll Play,MAS,14.2,mai,スタンダード
HERA,MAS,14.2,mai,スタンダード
Lividi,MAS,14.0,mai,スタンダード
Moon of Noon,MAS,14.4,mai,スタンダード
MYTHOS,MAS,14.1,mai,スタンダード
Oshama Scramble!,MAS,14.5,mai,スタンダード
Panopticon,MAS,14.1,mai,スタンダード
Prophesy One,MAS,14.5,mai,スタンダード
System “Z”,MAS,14.3,mai,スタンダード
VERTeX,MAS,14.4,mai,スタンダード
ガラテアの螺旋,MAS,14.6,mai,スタンダード
ジングルベル,MAS,14.0,mai,スタンダード
ねぇ、壊れタ人形ハ何処へ棄テらレるノ？,MAS,14.5,mai,スタンダード
花と、雪と、ドラムンベース。,MAS,14.3,mai,スタンダード
雷切-RAIKIRI-,MAS,14.6,mai,スタンダード
TiamaT：F minor,MAS,14.6,ゲ&チ,スタンダード
World Vanquisher,MAS,14.3,ゲ&チ,スタンダード
Xevel,MAS,14.1,ゲ&チ,スタンダード
エンドマークに希望と涙を添えて,MAS,14.3,ゲ&チ,スタンダード
インビジブル,Re:M,13.7,nico,スタンダード
カゲロウデイズ,Re:M,13.9,nico,スタンダード
立ち入り禁止,Re:M,13.7,nico,スタンダード
CYBER Sparks,Re:M,13.7,東方,スタンダード
最終鬼畜妹フランドール・S,Re:M,13.7,東方,スタンダード
緋色のDance,Re:M,13.7,東方,スタンダード
Burning Hearts ～炎のANGEL～,Re:M,13.7,バラ,スタンダード
Crush On You,Re:M,None,バラ,スタンダード
Sun Dance,Re:M,None,バラ,スタンダード
花と、雪と、ドラムンベース。,Re:M,13.8,mai,スタンダード
ギリギリ最強あいまいみー！,MAS,13.7,P&ア,スタンダード
magician's operation,MAS,13.7,nico,スタンダード
裏表ラバーズ,MAS,13.7,nico,スタンダード
幸せになれる隠しコマンドがあるらしい,MAS,13.9,nico,スタンダード
デッドレッドガールズ,MAS,13.7,nico,スタンダード
どうしてこうなった,MAS,13.7,nico,スタンダード
ドーナツホール,MAS,13.7,nico,スタンダード
脳漿炸裂ガール,MAS,13.9,nico,スタンダード
初音ミクの消失,MAS,13.9,nico,スタンダード
吉原ラメント,MAS,13.7,nico,スタンダード
ワンダーラスト,MAS,13.8,nico,スタンダード
Doll Judgment,MAS,13.7,東方,スタンダード
Imperishable Night 2006 (2016 Refine),MAS,13.8,東方,スタンダード
Scream out! -maimai SONIC WASHER Edit-,MAS,13.9,東方,スタンダード
アマノジャクリバース feat. ｙｔｒ,MAS,13.8,東方,スタンダード
オーディエンスを沸かす程度の能力 feat.タイツォン,MAS,13.7,東方,スタンダード
幻想のサテライト,MAS,13.9,東方,スタンダード
最終鬼畜妹・一部声,MAS,13.8,東方,スタンダード
ネクロファンタジア～Arr.Demetori,MAS,13.7,東方,スタンダード
もうみんなしねばいいのに,MAS,13.9,東方,スタンダード
B.B.K.K.B.K.K.,MAS,13.9,バラ,スタンダード
DRAGONLADY,MAS,13.9,バラ,スタンダード
ENERGY SYNERGY MATRIX,MAS,13.8,バラ,スタンダード
FLOWER,MAS,13.8,バラ,スタンダード
FREEDOM DiVE (tpz Overcute Remix),MAS,13.9,バラ,スタンダード
GO BACK 2 YOUR RAVE,MAS,13.9,バラ,スタンダード
"Good Bye, Mr. Jack",MAS,13.8,バラ,スタンダード
Got more raves？,MAS,13.9,バラ,スタンダード
Jack-the-Ripper◆,MAS,13.9,バラ,スタンダード
Like the Wind ［Reborn］,MAS,13.8,バラ,スタンダード
Maxi,MAS,13.8,バラ,スタンダード
METATRON,MAS,13.9,バラ,スタンダード
MilK,MAS,13.8,バラ,スタンダード
Outlaw's Lullaby,MAS,13.9,バラ,スタンダード
Party 4U ”holy nite mix”,MAS,13.7,バラ,スタンダード
Sakura Fubuki,MAS,13.8,バラ,スタンダード
Scars of FAUNA,MAS,13.8,バラ,スタンダード
ULTRA B＋K,MAS,13.8,バラ,スタンダード
セイクリッド　ルイン,MAS,13.8,バラ,スタンダード
電車で電車でOPA!OPA!OPA! -GMT mashup-,MAS,13.7,バラ,スタンダード
人里に下ったアタイがいつの間にか社畜になっていた件,MAS,13.9,バラ,スタンダード
魔法少女になるしかねぇ,MAS,13.9,バラ,スタンダード
夜明けまであと３秒,MAS,13.9,バラ,スタンダード
Beat of getting entangled,MAS,13.7,mai,スタンダード
D✪N’T ST✪P R✪CKIN’,MAS,None,mai,スタンダード
GEMINI -M-,MAS,13.8,mai,スタンダード
Hyper Active,MAS,13.8,mai,スタンダード
Jumble Rumble,MAS,13.9,mai,スタンダード
Justified,MAS,13.8,mai,スタンダード
keep hopping,MAS,13.9,mai,スタンダード
KING is BACK!!,MAS,None,mai,スタンダード
L'épilogue,MAS,13.7,mai,スタンダード
Life Feels Good,MAS,None,mai,スタンダード
Mare Maris,MAS,13.8,mai,スタンダード
Nerverakes,MAS,13.8,mai,スタンダード
Nitrous Fury,MAS,13.9,mai,スタンダード
Ragnarok,MAS,13.9,mai,スタンダード
Schwarzschild,MAS,13.9,mai,スタンダード
Selector,MAS,13.7,mai,スタンダード
Ultranova,MAS,None,mai,スタンダード
天火明命,MAS,13.9,mai,スタンダード
火炎地獄,MAS,13.8,mai,スタンダード
四月の雨,MAS,13.9,mai,スタンダード
スリップフリップ,MAS,None,mai,スタンダード
夢花火,MAS,13.7,mai,スタンダード
分からない,MAS,None,mai,スタンダード
My First Phone,MAS,13.8,ゲ&チ,スタンダード
The wheel to the right,MAS,13.8,ゲ&チ,スタンダード
We Gonna Journey,MAS,13.8,ゲ&チ,スタンダード
閃鋼のブリューナク,MAS,13.8,ゲ&チ,スタンダード
奏者はただ背中と提琴で語るのみ,MAS,13.8,ゲ&チ,スタンダード
PANDORA PARADOXXX,EXP,13.7,mai,スタンダード
